,datePresentation,Recherches général,Recherches dep(06),Recherches dep(33),Recherches dep(44),Recherches dep(67),Recherches dep(75),Recherches dep(77),Recherches dep(78),Recherches dep(91),Recherches dep(92),Recherches dep(93),Recherches dep(94),Recherches dep(95),Alimentation général,Alimentation dep(06),Alimentation dep(33),Alimentation dep(44),Alimentation dep(67),Alimentation dep(75),Alimentation dep(77),Alimentation dep(78),Alimentation dep(91),Alimentation dep(92),Alimentation dep(93),Alimentation dep(94),Alimentation dep(95),Conseil général,Conseil dep(06),Conseil dep(33),Conseil dep(44),Conseil dep(67),Conseil dep(75),Conseil dep(77),Conseil dep(78),Conseil dep(91),Conseil dep(92),Conseil dep(93),Conseil dep(94),Conseil dep(95),Accueil général,Accueil dep(06),Accueil dep(33),Accueil dep(44),Accueil dep(67),Accueil dep(75),Accueil dep(77),Accueil dep(78),Accueil dep(91),Accueil dep(92),Accueil dep(93),Accueil dep(94),Accueil dep(95),Hygiène et bien-être général,Hygiène et bien-être dep(06),Hygiène et bien-être dep(33),Hygiène et bien-être dep(44),Hygiène et bien-être dep(67),Hygiène et bien-être dep(75),Hygiène et bien-être dep(77),Hygiène et bien-être dep(78),Hygiène et bien-être dep(91),Hygiène et bien-être dep(92),Hygiène et bien-être dep(93),Hygiène et bien-être dep(94),Hygiène et bien-être dep(95),Santé général,Santé dep(06),Santé dep(33),Santé dep(44),Santé dep(67),Santé dep(75),Santé dep(77),Santé dep(78),Santé dep(91),Santé dep(92),Santé dep(93),Santé dep(94),Santé dep(95),Technologie général,Technologie dep(06),Technologie dep(33),Technologie dep(44),Technologie dep(67),Technologie dep(75),Technologie dep(77),Technologie dep(78),Technologie dep(91),Technologie dep(92),Technologie dep(93),Technologie dep(94),Technologie dep(95),Formation et emploi  général,Formation et emploi  dep(06),Formation et emploi  dep(33),Formation et emploi  dep(44),Formation et emploi  dep(67),Formation et emploi  dep(75),Formation et emploi  dep(77),Formation et emploi  dep(78),Formation et emploi  dep(91),Formation et emploi  dep(92),Formation et emploi  dep(93),Formation et emploi  dep(94),Formation et emploi  dep(95),Matériel général,Matériel dep(06),Matériel dep(33),Matériel dep(44),Matériel dep(67),Matériel dep(75),Matériel dep(77),Matériel dep(78),Matériel dep(91),Matériel dep(92),Matériel dep(93),Matériel dep(94),Matériel dep(95),Formation et emploi général,Formation et emploi dep(06),Formation et emploi dep(33),Formation et emploi dep(44),Formation et emploi dep(67),Formation et emploi dep(75),Formation et emploi dep(77),Formation et emploi dep(78),Formation et emploi dep(91),Formation et emploi dep(92),Formation et emploi dep(93),Formation et emploi dep(94),Formation et emploi dep(95),Activités général,Activités dep(06),Activités dep(33),Activités dep(44),Activités dep(67),Activités dep(75),Activités dep(77),Activités dep(78),Activités dep(91),Activités dep(92),Activités dep(93),Activités dep(94),Activités dep(95),Spécialistes général,Spécialistes dep(06),Spécialistes dep(33),Spécialistes dep(44),Spécialistes dep(67),Spécialistes dep(75),Spécialistes dep(77),Spécialistes dep(78),Spécialistes dep(91),Spécialistes dep(92),Spécialistes dep(93),Spécialistes dep(94),Spécialistes dep(95),Accompagnement social général,Accompagnement à l'emploi général,Accueil de jour général,Accupuncture général,Addiction général,Allergologie général,Animaux général,Atelier numérique général,Bagagerie général,Bibliothèque général,Bien-être général,Cardiologie général,Chantier d'insertion général,Colis Alimentaire général,Conseil administratif général,Conseil handicap général,Conseil logement général,Dentaire général,Dermatologie général,Distribution alimentaire général,Domiciliation général,Douche général,Dépistage général,Echographie général,Ecrivain public général,Endocrinologie général,Epicerie Sociale général,Espaces de repos général,Fontaine général,Formation français général,Garde d'enfants général,Gastro-entérologie général,Gynécologie général,Généraliste général,Halte de nuit général,Hébergement d'urgence général,Hébergement à long terme général,Infirmerie général,Kinésithérapie général,Laverie général,Logement bas prix général,Magasin solidaire général,Mammographie général,Masques général,Musée général,Numérisation de documents général,Nutrition général,Ophtalmologie général,Ordinateur général,Orthophonie général,Osthéopathie général,Oto-rhino-laryngologie général,Permanence juridique général,Phlébologie général,Pneumologie général,Prise général,Protections périodiques général,Psychologie général,Pédicure général,Radiologie général,Restauration assise général,Rhumatologie général,Soins enfants général,Soutien scolaire général,Sport général,Stomatologie général,Suivi grossesse général,Toilettes général,Téléphones général,Urologie général,Vaccination général,Vétérinaire général,Vêtements général,Wifi général,Recherches dep(36),Recherches dep(07),Recherches dep(13),Recherches dep(15),Recherches dep(26),Recherches dep(63),Accompagnement social dep(06),Accompagnement à l'emploi dep(06),Accueil de jour dep(06),Addiction dep(06),Animaux dep(06),Atelier numérique dep(06),Bibliothèque dep(06),Bien-être dep(06),Chantier d'insertion dep(06),Colis Alimentaire dep(06),Conseil administratif dep(06),Conseil handicap dep(06),Conseil logement dep(06),Dentaire dep(06),Distribution alimentaire dep(06),Domiciliation dep(06),Douche dep(06),Dépistage dep(06),Ecrivain public dep(06),Epicerie Sociale dep(06),Espaces de repos dep(06),Fontaine dep(06),Formation français dep(06),Garde d'enfants dep(06),Gynécologie dep(06),Généraliste dep(06),Halte de nuit dep(06),Hébergement à long terme dep(06),Laverie dep(06),Logement bas prix dep(06),Musée dep(06),Numérisation de documents dep(06),Ophtalmologie dep(06),Ordinateur dep(06),Permanence juridique dep(06),Psychologie dep(06),Restauration assise dep(06),Soins enfants dep(06),Soutien scolaire dep(06),Sport dep(06),Suivi grossesse dep(06),Toilettes dep(06),Vaccination dep(06),Vêtements dep(06),Accompagnement social dep(33),Accompagnement à l'emploi dep(33),Accueil de jour dep(33),Addiction dep(33),Allergologie dep(33),Animaux dep(33),Atelier numérique dep(33),Bagagerie dep(33),Bibliothèque dep(33),Bien-être dep(33),Cardiologie dep(33),Chantier d'insertion dep(33),Colis Alimentaire dep(33),Conseil administratif dep(33),Conseil handicap dep(33),Conseil logement dep(33),Dentaire dep(33),Distribution alimentaire dep(33),Domiciliation dep(33),Douche dep(33),Dépistage dep(33),Ecrivain public dep(33),Epicerie Sociale dep(33),Espaces de repos dep(33),Fontaine dep(33),Formation français dep(33),Garde d'enfants dep(33),Gastro-entérologie dep(33),Généraliste dep(33),Halte de nuit dep(33),Hébergement d'urgence dep(33),Hébergement à long terme dep(33),Infirmerie dep(33),Laverie dep(33),Logement bas prix dep(33),Magasin solidaire dep(33),Masques dep(33),Musée dep(33),Numérisation de documents dep(33),Ophtalmologie dep(33),Ordinateur dep(33),Osthéopathie dep(33),Permanence juridique dep(33),Prise dep(33),Protections périodiques dep(33),Psychologie dep(33),Radiologie dep(33),Restauration assise dep(33),Rhumatologie dep(33),Soins enfants dep(33),Soutien scolaire dep(33),Sport dep(33),Suivi grossesse dep(33),Toilettes dep(33),Téléphones dep(33),Vaccination dep(33),Vétérinaire dep(33),Vêtements dep(33),Wifi dep(33),Accueil dep(36),Accueil de jour dep(36),Alimentation dep(36),Chantier d'insertion dep(36),Epicerie Sociale dep(36),Espaces de repos dep(36),Formation et emploi dep(36),Halte de nuit dep(36),Hygiène et bien-être dep(36),Hébergement à long terme dep(36),Logement bas prix dep(36),Matériel dep(36),Spécialistes dep(36),Accompagnement social dep(44),Accompagnement à l'emploi dep(44),Accueil de jour dep(44),Accupuncture dep(44),Addiction dep(44),Allergologie dep(44),Animaux dep(44),Atelier numérique dep(44),Bagagerie dep(44),Bibliothèque dep(44),Bien-être dep(44),Cardiologie dep(44),Chantier d'insertion dep(44),Colis Alimentaire dep(44),Conseil administratif dep(44),Conseil handicap dep(44),Conseil logement dep(44),Dentaire dep(44),Dermatologie dep(44),Distribution alimentaire dep(44),Domiciliation dep(44),Douche dep(44),Dépistage dep(44),Echographie dep(44),Ecrivain public dep(44),Endocrinologie dep(44),Epicerie Sociale dep(44),Espaces de repos dep(44),Fontaine dep(44),Formation français dep(44),Garde d'enfants dep(44),Gastro-entérologie dep(44),Gynécologie dep(44),Généraliste dep(44),Halte de nuit dep(44),Hébergement d'urgence dep(44),Hébergement à long terme dep(44),Infirmerie dep(44),Kinésithérapie dep(44),Laverie dep(44),Logement bas prix dep(44),Magasin solidaire dep(44),Mammographie dep(44),Musée dep(44),Numérisation de documents dep(44),Ophtalmologie dep(44),Ordinateur dep(44),Orthophonie dep(44),Osthéopathie dep(44),Permanence juridique dep(44),Prise dep(44),Psychologie dep(44),Radiologie dep(44),Restauration assise dep(44),Soins enfants dep(44),Soutien scolaire dep(44),Sport dep(44),Suivi grossesse dep(44),Toilettes dep(44),Vaccination dep(44),Vétérinaire dep(44),Vêtements dep(44),Wifi dep(44),Accompagnement social dep(67),Accompagnement à l'emploi dep(67),Accueil de jour dep(67),Accupuncture dep(67),Addiction dep(67),Allergologie dep(67),Animaux dep(67),Atelier numérique dep(67),Bagagerie dep(67),Bien-être dep(67),Cardiologie dep(67),Chantier d'insertion dep(67),Colis Alimentaire dep(67),Conseil administratif dep(67),Conseil handicap dep(67),Conseil logement dep(67),Dentaire dep(67),Dermatologie dep(67),Distribution alimentaire dep(67),Domiciliation dep(67),Douche dep(67),Ecrivain public dep(67),Epicerie Sociale dep(67),Espaces de repos dep(67),Fontaine dep(67),Formation français dep(67),Garde d'enfants dep(67),Généraliste dep(67),Halte de nuit dep(67),Hébergement d'urgence dep(67),Hébergement à long terme dep(67),Infirmerie dep(67),Laverie dep(67),Logement bas prix dep(67),Magasin solidaire dep(67),Musée dep(67),Numérisation de documents dep(67),Nutrition dep(67),Ophtalmologie dep(67),Ordinateur dep(67),Orthophonie dep(67),Osthéopathie dep(67),Oto-rhino-laryngologie dep(67),Permanence juridique dep(67),Phlébologie dep(67),Pneumologie dep(67),Prise dep(67),Psychologie dep(67),Pédicure dep(67),Radiologie dep(67),Restauration assise dep(67),Rhumatologie dep(67),Soins enfants dep(67),Soutien scolaire dep(67),Sport dep(67),Stomatologie dep(67),Suivi grossesse dep(67),Toilettes dep(67),Téléphones dep(67),Urologie dep(67),Vaccination dep(67),Vétérinaire dep(67),Vêtements dep(67),Wifi dep(67),Accompagnement social dep(75),Accompagnement à l'emploi dep(75),Accueil de jour dep(75),Accupuncture dep(75),Addiction dep(75),Allergologie dep(75),Animaux dep(75),Atelier numérique dep(75),Bagagerie dep(75),Bibliothèque dep(75),Bien-être dep(75),Cardiologie dep(75),Chantier d'insertion dep(75),Colis Alimentaire dep(75),Conseil administratif dep(75),Conseil handicap dep(75),Conseil logement dep(75),Dentaire dep(75),Dermatologie dep(75),Distribution alimentaire dep(75),Domiciliation dep(75),Douche dep(75),Dépistage dep(75),Echographie dep(75),Ecrivain public dep(75),Epicerie Sociale dep(75),Espaces de repos dep(75),Fontaine dep(75),Formation français dep(75),Garde d'enfants dep(75),Gynécologie dep(75),Généraliste dep(75),Halte de nuit dep(75),Hébergement d'urgence dep(75),Hébergement à long terme dep(75),Infirmerie dep(75),Kinésithérapie dep(75),Laverie dep(75),Logement bas prix dep(75),Magasin solidaire dep(75),Mammographie dep(75),Masques dep(75),Musée dep(75),Numérisation de documents dep(75),Nutrition dep(75),Ophtalmologie dep(75),Ordinateur dep(75),Orthophonie dep(75),Osthéopathie dep(75),Oto-rhino-laryngologie dep(75),Permanence juridique dep(75),Phlébologie dep(75),Pneumologie dep(75),Prise dep(75),Protections périodiques dep(75),Psychologie dep(75),Pédicure dep(75),Radiologie dep(75),Restauration assise dep(75),Soins enfants dep(75),Soutien scolaire dep(75),Sport dep(75),Suivi grossesse dep(75),Toilettes dep(75),Téléphones dep(75),Vaccination dep(75),Vétérinaire dep(75),Vêtements dep(75),Wifi dep(75),Accompagnement social dep(77),Accompagnement à l'emploi dep(77),Accueil de jour dep(77),Addiction dep(77),Allergologie dep(77),Atelier numérique dep(77),Bagagerie dep(77),Bibliothèque dep(77),Cardiologie dep(77),Chantier d'insertion dep(77),Colis Alimentaire dep(77),Conseil administratif dep(77),Conseil logement dep(77),Dentaire dep(77),Dermatologie dep(77),Distribution alimentaire dep(77),Domiciliation dep(77),Douche dep(77),Dépistage dep(77),Echographie dep(77),Endocrinologie dep(77),Epicerie Sociale dep(77),Espaces de repos dep(77),Fontaine dep(77),Formation français dep(77),Garde d'enfants dep(77),Gastro-entérologie dep(77),Gynécologie dep(77),Généraliste dep(77),Halte de nuit dep(77),Hébergement à long terme dep(77),Infirmerie dep(77),Kinésithérapie dep(77),Laverie dep(77),Logement bas prix dep(77),Magasin solidaire dep(77),Mammographie dep(77),Musée dep(77),Permanence juridique dep(77),Psychologie dep(77),Restauration assise dep(77),Soins enfants dep(77),Soutien scolaire dep(77),Suivi grossesse dep(77),Vaccination dep(77),Vétérinaire dep(77),Vêtements dep(77),Accompagnement social dep(78),Accompagnement à l'emploi dep(78),Accueil de jour dep(78),Addiction dep(78),Allergologie dep(78),Animaux dep(78),Atelier numérique dep(78),Bagagerie dep(78),Bibliothèque dep(78),Bien-être dep(78),Cardiologie dep(78),Chantier d'insertion dep(78),Colis Alimentaire dep(78),Conseil administratif dep(78),Conseil handicap dep(78),Conseil logement dep(78),Dentaire dep(78),Dermatologie dep(78),Distribution alimentaire dep(78),Domiciliation dep(78),Douche dep(78),Dépistage dep(78),Echographie dep(78),Ecrivain public dep(78),Epicerie Sociale dep(78),Espaces de repos dep(78),Fontaine dep(78),Formation français dep(78),Garde d'enfants dep(78),Gastro-entérologie dep(78),Gynécologie dep(78),Généraliste dep(78),Halte de nuit dep(78),Hébergement d'urgence dep(78),Hébergement à long terme dep(78),Infirmerie dep(78),Laverie dep(78),Logement bas prix dep(78),Magasin solidaire dep(78),Mammographie dep(78),Musée dep(78),Numérisation de documents dep(78),Nutrition dep(78),Ordinateur dep(78),Permanence juridique dep(78),Prise dep(78),Psychologie dep(78),Pédicure dep(78),Restauration assise dep(78),Rhumatologie dep(78),Soins enfants dep(78),Soutien scolaire dep(78),Sport dep(78),Suivi grossesse dep(78),Toilettes dep(78),Téléphones dep(78),Vaccination dep(78),Vétérinaire dep(78),Vêtements dep(78),Wifi dep(78),Accompagnement social dep(91),Accompagnement à l'emploi dep(91),Accueil de jour dep(91),Accupuncture dep(91),Addiction dep(91),Allergologie dep(91),Atelier numérique dep(91),Bibliothèque dep(91),Bien-être dep(91),Cardiologie dep(91),Chantier d'insertion dep(91),Colis Alimentaire dep(91),Conseil administratif dep(91),Conseil handicap dep(91),Conseil logement dep(91),Dentaire dep(91),Dermatologie dep(91),Distribution alimentaire dep(91),Domiciliation dep(91),Douche dep(91),Dépistage dep(91),Echographie dep(91),Ecrivain public dep(91),Endocrinologie dep(91),Epicerie Sociale dep(91),Espaces de repos dep(91),Fontaine dep(91),Formation français dep(91),Garde d'enfants dep(91),Gastro-entérologie dep(91),Gynécologie dep(91),Généraliste dep(91),Halte de nuit dep(91),Hébergement à long terme dep(91),Kinésithérapie dep(91),Laverie dep(91),Logement bas prix dep(91),Magasin solidaire dep(91),Musée dep(91),Numérisation de documents dep(91),Ophtalmologie dep(91),Ordinateur dep(91),Orthophonie dep(91),Osthéopathie dep(91),Oto-rhino-laryngologie dep(91),Permanence juridique dep(91),Phlébologie dep(91),Prise dep(91),Psychologie dep(91),Pédicure dep(91),Restauration assise dep(91),Soins enfants dep(91),Soutien scolaire dep(91),Sport dep(91),Suivi grossesse dep(91),Toilettes dep(91),Téléphones dep(91),Urologie dep(91),Vêtements dep(91),Wifi dep(91),Accompagnement social dep(92),Accompagnement à l'emploi dep(92),Accueil de jour dep(92),Accupuncture dep(92),Addiction dep(92),Allergologie dep(92),Animaux dep(92),Atelier numérique dep(92),Bagagerie dep(92),Bibliothèque dep(92),Bien-être dep(92),Cardiologie dep(92),Chantier d'insertion dep(92),Colis Alimentaire dep(92),Conseil administratif dep(92),Conseil handicap dep(92),Conseil logement dep(92),Dentaire dep(92),Dermatologie dep(92),Distribution alimentaire dep(92),Domiciliation dep(92),Douche dep(92),Ecrivain public dep(92),Epicerie Sociale dep(92),Espaces de repos dep(92),Fontaine dep(92),Formation français dep(92),Garde d'enfants dep(92),Gynécologie dep(92),Généraliste dep(92),Halte de nuit dep(92),Hébergement d'urgence dep(92),Hébergement à long terme dep(92),Infirmerie dep(92),Kinésithérapie dep(92),Laverie dep(92),Logement bas prix dep(92),Magasin solidaire dep(92),Mammographie dep(92),Masques dep(92),Musée dep(92),Numérisation de documents dep(92),Ophtalmologie dep(92),Ordinateur dep(92),Orthophonie dep(92),Osthéopathie dep(92),Permanence juridique dep(92),Prise dep(92),Psychologie dep(92),Radiologie dep(92),Restauration assise dep(92),Soins enfants dep(92),Soutien scolaire dep(92),Sport dep(92),Suivi grossesse dep(92),Toilettes dep(92),Téléphones dep(92),Vaccination dep(92),Vétérinaire dep(92),Vêtements dep(92),Wifi dep(92),Accompagnement social dep(93),Accompagnement à l'emploi dep(93),Accueil de jour dep(93),Accupuncture dep(93),Addiction dep(93),Allergologie dep(93),Animaux dep(93),Atelier numérique dep(93),Bagagerie dep(93),Bibliothèque dep(93),Bien-être dep(93),Cardiologie dep(93),Chantier d'insertion dep(93),Colis Alimentaire dep(93),Conseil administratif dep(93),Conseil handicap dep(93),Conseil logement dep(93),Dentaire dep(93),Dermatologie dep(93),Distribution alimentaire dep(93),Domiciliation dep(93),Douche dep(93),Dépistage dep(93),Echographie dep(93),Ecrivain public dep(93),Endocrinologie dep(93),Epicerie Sociale dep(93),Espaces de repos dep(93),Fontaine dep(93),Formation français dep(93),Garde d'enfants dep(93),Gastro-entérologie dep(93),Gynécologie dep(93),Généraliste dep(93),Halte de nuit dep(93),Hébergement d'urgence dep(93),Hébergement à long terme dep(93),Infirmerie dep(93),Kinésithérapie dep(93),Laverie dep(93),Logement bas prix dep(93),Magasin solidaire dep(93),Mammographie dep(93),Masques dep(93),Musée dep(93),Numérisation de documents dep(93),Nutrition dep(93),Ophtalmologie dep(93),Ordinateur dep(93),Orthophonie dep(93),Osthéopathie dep(93),Oto-rhino-laryngologie dep(93),Permanence juridique dep(93),Phlébologie dep(93),Pneumologie dep(93),Prise dep(93),Protections périodiques dep(93),Psychologie dep(93),Pédicure dep(93),Radiologie dep(93),Restauration assise dep(93),Rhumatologie dep(93),Soins enfants dep(93),Soutien scolaire dep(93),Sport dep(93),Stomatologie dep(93),Suivi grossesse dep(93),Toilettes dep(93),Téléphones dep(93),Urologie dep(93),Vaccination dep(93),Vétérinaire dep(93),Vêtements dep(93),Wifi dep(93),Accompagnement social dep(94),Accompagnement à l'emploi dep(94),Accueil de jour dep(94),Addiction dep(94),Allergologie dep(94),Animaux dep(94),Atelier numérique dep(94),Bagagerie dep(94),Bibliothèque dep(94),Bien-être dep(94),Cardiologie dep(94),Chantier d'insertion dep(94),Colis Alimentaire dep(94),Conseil administratif dep(94),Conseil handicap dep(94),Conseil logement dep(94),Dentaire dep(94),Dermatologie dep(94),Distribution alimentaire dep(94),Domiciliation dep(94),Douche dep(94),Dépistage dep(94),Ecrivain public dep(94),Epicerie Sociale dep(94),Espaces de repos dep(94),Fontaine dep(94),Formation français dep(94),Garde d'enfants dep(94),Gynécologie dep(94),Généraliste dep(94),Halte de nuit dep(94),Hébergement d'urgence dep(94),Hébergement à long terme dep(94),Infirmerie dep(94),Laverie dep(94),Logement bas prix dep(94),Magasin solidaire dep(94),Mammographie dep(94),Musée dep(94),Numérisation de documents dep(94),Ophtalmologie dep(94),Ordinateur dep(94),Osthéopathie dep(94),Permanence juridique dep(94),Prise dep(94),Psychologie dep(94),Radiologie dep(94),Restauration assise dep(94),Soins enfants dep(94),Soutien scolaire dep(94),Sport dep(94),Stomatologie dep(94),Suivi grossesse dep(94),Toilettes dep(94),Téléphones dep(94),Vaccination dep(94),Vétérinaire dep(94),Vêtements dep(94),Wifi dep(94),Accompagnement social dep(95),Accompagnement à l'emploi dep(95),Accueil de jour dep(95),Accupuncture dep(95),Addiction dep(95),Allergologie dep(95),Animaux dep(95),Atelier numérique dep(95),Bagagerie dep(95),Bibliothèque dep(95),Bien-être dep(95),Cardiologie dep(95),Chantier d'insertion dep(95),Colis Alimentaire dep(95),Conseil administratif dep(95),Conseil handicap dep(95),Conseil logement dep(95),Dentaire dep(95),Dermatologie dep(95),Distribution alimentaire dep(95),Domiciliation dep(95),Douche dep(95),Dépistage dep(95),Echographie dep(95),Ecrivain public dep(95),Endocrinologie dep(95),Epicerie Sociale dep(95),Espaces de repos dep(95),Fontaine dep(95),Formation français dep(95),Garde d'enfants dep(95),Gastro-entérologie dep(95),Gynécologie dep(95),Généraliste dep(95),Halte de nuit dep(95),Hébergement à long terme dep(95),Infirmerie dep(95),Kinésithérapie dep(95),Laverie dep(95),Logement bas prix dep(95),Magasin solidaire dep(95),Mammographie dep(95),Masques dep(95),Musée dep(95),Numérisation de documents dep(95),Nutrition dep(95),Ophtalmologie dep(95),Ordinateur dep(95),Orthophonie dep(95),Osthéopathie dep(95),Oto-rhino-laryngologie dep(95),Permanence juridique dep(95),Phlébologie dep(95),Pneumologie dep(95),Prise dep(95),Protections périodiques dep(95),Psychologie dep(95),Pédicure dep(95),Radiologie dep(95),Restauration assise dep(95),Rhumatologie dep(95),Soins enfants dep(95),Soutien scolaire dep(95),Sport dep(95),Stomatologie dep(95),Suivi grossesse dep(95),Toilettes dep(95),Téléphones dep(95),Vaccination dep(95),Vétérinaire dep(95),Vêtements dep(95),Wifi dep(95),Alimentation dep(07),Formation et emploi dep(07),Matériel dep(07),Accompagnement social dep(13),Accompagnement à l'emploi dep(13),Accueil dep(13),Accueil de jour dep(13),Alimentation dep(13),Atelier numérique dep(13),Bagagerie dep(13),Chantier d'insertion dep(13),Colis Alimentaire dep(13),Conseil dep(13),Conseil administratif dep(13),Dentaire dep(13),Distribution alimentaire dep(13),Douche dep(13),Epicerie Sociale dep(13),Espaces de repos dep(13),Formation et emploi dep(13),Formation français dep(13),Garde d'enfants dep(13),Halte de nuit dep(13),Hygiène et bien-être dep(13),Hébergement d'urgence dep(13),Hébergement à long terme dep(13),Laverie dep(13),Logement bas prix dep(13),Magasin solidaire dep(13),Matériel dep(13),Psychologie dep(13),Restauration assise dep(13),Santé dep(13),Soins enfants dep(13),Soutien scolaire dep(13),Suivi grossesse dep(13),Toilettes dep(13),Vaccination dep(13),Accueil dep(15),Epicerie Sociale dep(15),Bien-être dep(26),Conseil dep(26),Formation et emploi dep(26),Santé dep(26),Accueil dep(63),Accueil de jour dep(63),Addiction dep(63),Formation et emploi dep(63),Hébergement à long terme dep(63),Logement bas prix dep(63),Magasin solidaire dep(63),Matériel dep(63),Vaccination dep(63),Wifi dep(63)
0,2019-04-01,2.0,,,,,,,,,,,,,,,,,,,,,,,,,,,,,,,,,,,,,,,,,,,,,,,,,,,,,,,,,,,,,,,,,,,,,,,,,,,,,,,,,,,,,,,,,,,,,,,,,,,,,,,,,,,,,,,,,,,,,,,,,,,,,,,,,,,,,,,,,,,,,,,,,,,,,,,,,,,,,,,,,,,,,,,,,,,,,,,,,,,,,,,,,,,,,,,,,,,,,,,,,,,,,,,,,,,,,,,,,,,,,,,,,,,,,,,,,,,,,,,,,,,,,,,,,,,,,,,,,,,,,,,,,,,,,,,,,,,,,,,,,,,,,,,,,,,,,,,,,,,,,,,,,,,,,,,,,,,,,,,,,,,,,,,,,,,,,,,,,,,,,,,,,,,,,,,,,,,,,,,,,,,,,,,,,,,,,,,,,,,,,,,,,,,,,,,,,,,,,,,,,,,,,,,,,,,,,,,,,,,,,,,,,,,,,,,,,,,,,,,,,,,,,,,,,,,,,,,,,,,,,,,,,,,,,,,,,,,,,,,,,,,,,,,,,,,,,,,,,,,,,,,,,,,,,,,,,,,,,,,,,,,,,,,,,,,,,,,,,,,,,,,,,,,,,,,,,,,,,,,,,,,,,,,,,,,,,,,,,,,,,,,,,,,,,,,,,,,,,,,,,,,,,,,,,,,,,,,,,,,,,,,,,,,,,,,,,,,,,,,,,,,,,,,,,,,,,,,,,,,,,,,,,,,,,,,,,,,,,,,,,,,,,,,,,,,,,,,,,,,,,,,,,,,,,,,,,,,,,,,,,,,,,,,,,,,,,,,,,,,,,,,,,,,,,,,,,,,,,,,,,,,,,,,,,,,,,,,,,,,,,,,,,,,,,,,,,,,,,,,,,,,,,,,,,,,,,,,,,,,,,,,,,,,,,,,,,,,,,,,,,,,,,,,,,,,,,,,,,,,,,,,,,,,,,,,,,,,,,,,,,,,,,,,,,,,,,,,,,,,,,,,,,,,,,,,,,,,,,,,,,,,,,,,,,,,,,,,,,,,,,,,,,,,,,,,,,,,,,,,,,,,,,,,,,,,,,,,,,,,,,,,,,,,,,,,,,,,,,,,,,,,,,,,,,,,,,,,,,,,,,,,,,,,,,,,,,,
1,2019-05-01,1.0,,,,,,,,,,,,,,,,,,,,,,,,,,,,,,,,,,,,,,,,,,,,,,,,,,,,,,,,,,,,,,,,,,,,,,,,,,,,,,,,,,,,,,,,,,,,,,,,,,,,,,,,,,,,,,,,,,,,,,,,,,,,,,,,,,,,,,,,,,,,,,,,,,,,,,,,,,,,,,,,,,,,,,,,,,,,,,,,,,,,,,,,,,,,,,,,,,,,,,,,,,,,,,,,,,,,,,,,,,,,,,,,,,,,,,,,,,,,,,,,,,,,,,,,,,,,,,,,,,,,,,,,,,,,,,,,,,,,,,,,,,,,,,,,,,,,,,,,,,,,,,,,,,,,,,,,,,,,,,,,,,,,,,,,,,,,,,,,,,,,,,,,,,,,,,,,,,,,,,,,,,,,,,,,,,,,,,,,,,,,,,,,,,,,,,,,,,,,,,,,,,,,,,,,,,,,,,,,,,,,,,,,,,,,,,,,,,,,,,,,,,,,,,,,,,,,,,,,,,,,,,,,,,,,,,,,,,,,,,,,,,,,,,,,,,,,,,,,,,,,,,,,,,,,,,,,,,,,,,,,,,,,,,,,,,,,,,,,,,,,,,,,,,,,,,,,,,,,,,,,,,,,,,,,,,,,,,,,,,,,,,,,,,,,,,,,,,,,,,,,,,,,,,,,,,,,,,,,,,,,,,,,,,,,,,,,,,,,,,,,,,,,,,,,,,,,,,,,,,,,,,,,,,,,,,,,,,,,,,,,,,,,,,,,,,,,,,,,,,,,,,,,,,,,,,,,,,,,,,,,,,,,,,,,,,,,,,,,,,,,,,,,,,,,,,,,,,,,,,,,,,,,,,,,,,,,,,,,,,,,,,,,,,,,,,,,,,,,,,,,,,,,,,,,,,,,,,,,,,,,,,,,,,,,,,,,,,,,,,,,,,,,,,,,,,,,,,,,,,,,,,,,,,,,,,,,,,,,,,,,,,,,,,,,,,,,,,,,,,,,,,,,,,,,,,,,,,,,,,,,,,,,,,,,,,,,,,,,,,,,,,,,,,,,,,,,,,,,,,,,,,,,,,,,,,,,,,,,,,,,,,,,,,,,,,,,,,,,,,,,,,,,,,,,,,,,,,,,,,,,,,,,,,,,,,,,,,
2,2019-06-01,3.0,,,,,,,,,,,,,,,,,,,,,,,,,,,,,,,,,,,,,,,,,,,,,,,,,,,,,,,,,,,,,,,,,,,,,,,,,,,,,,,,,,,,,,,,,,,,,,,,,,,,,,,,,,,,,,,,,,,,,,,,,,,,,,,,,,,,,,,,,,,,,,,,,,,,,,,,,,,,,,,,,,,,,,,,,,,,,,,,,,,,,,,,,,,,,,,,,,,,,,,,,,,,,,,,,,,,,,,,,,,,,,,,,,,,,,,,,,,,,,,,,,,,,,,,,,,,,,,,,,,,,,,,,,,,,,,,,,,,,,,,,,,,,,,,,,,,,,,,,,,,,,,,,,,,,,,,,,,,,,,,,,,,,,,,,,,,,,,,,,,,,,,,,,,,,,,,,,,,,,,,,,,,,,,,,,,,,,,,,,,,,,,,,,,,,,,,,,,,,,,,,,,,,,,,,,,,,,,,,,,,,,,,,,,,,,,,,,,,,,,,,,,,,,,,,,,,,,,,,,,,,,,,,,,,,,,,,,,,,,,,,,,,,,,,,,,,,,,,,,,,,,,,,,,,,,,,,,,,,,,,,,,,,,,,,,,,,,,,,,,,,,,,,,,,,,,,,,,,,,,,,,,,,,,,,,,,,,,,,,,,,,,,,,,,,,,,,,,,,,,,,,,,,,,,,,,,,,,,,,,,,,,,,,,,,,,,,,,,,,,,,,,,,,,,,,,,,,,,,,,,,,,,,,,,,,,,,,,,,,,,,,,,,,,,,,,,,,,,,,,,,,,,,,,,,,,,,,,,,,,,,,,,,,,,,,,,,,,,,,,,,,,,,,,,,,,,,,,,,,,,,,,,,,,,,,,,,,,,,,,,,,,,,,,,,,,,,,,,,,,,,,,,,,,,,,,,,,,,,,,,,,,,,,,,,,,,,,,,,,,,,,,,,,,,,,,,,,,,,,,,,,,,,,,,,,,,,,,,,,,,,,,,,,,,,,,,,,,,,,,,,,,,,,,,,,,,,,,,,,,,,,,,,,,,,,,,,,,,,,,,,,,,,,,,,,,,,,,,,,,,,,,,,,,,,,,,,,,,,,,,,,,,,,,,,,,,,,,,,,,,,,,,,,,,,,,,,,,,,,,,,,,,,,,,,,,,,,
3,2019-10-01,535.0,,43.0,16.0,,234.0,7.0,32.0,5.0,78.0,51.0,39.0,2.0,73.0,,3.0,1.0,,50.0,,,,9.0,4.0,4.0,,27.0,,4.0,,,7.0,,,,,8.0,8.0,,76.0,,,,,25.0,,15.0,,26.0,8.0,,1.0,70.0,,6.0,1.0,,44.0,,,,11.0,1.0,2.0,,11.0,,,4.0,,7.0,,,,,,,,25.0,,,7.0,,8.0,,3.0,,5.0,,2.0,,11.0,,3.0,,,2.0,,1.0,,2.0,2.0,,,15.0,,6.0,,,5.0,,,2.0,,,2.0,,9.0,,4.0,,,2.0,,1.0,,,2.0,,,10.0,,1.0,,,,,,,,2.0,7.0,,4.0,,,,,,,2.0,,2.0,,,,,,,,,,,,,,,,,,,,,,,,,,,,,,,,,,,,,,,,,,,,,,,,,,,,,,,,,,,,,,,,,,,,,,,,,,,,,,,,,,,,,,,,,,,,,,,,,,,,,,,,,,,,,,,,,,,,,,,,,,,,,,,,,,,,,,,,,,,,,,,,,,,,,,,,,,,,,,,,,,,,,,,,,,,,,,,,,,,,,,,,,,,,,,,,,,,,,,,,,,,,,,,,,,,,,,,,,,,,,,,,,,,,,,,,,,,,,,,,,,,,,,,,,,,,,,,,,,,,,,,,,,,,,,,,,,,,,,,,,,,,,,,,,,,,,,,,,,,,,,,,,,,,,,,,,,,,,,,,,,,,,,,,,,,,,,,,,,,,,,,,,,,,,,,,,,,,,,,,,,,,,,,,,,,,,,,,,,,,,,,,,,,,,,,,,,,,,,,,,,,,,,,,,,,,,,,,,,,,,,,,,,,,,,,,,,,,,,,,,,,,,,,,,,,,,,,,,,,,,,,,,,,,,,,,,,,,,,,,,,,,,,,,,,,,,,,,,,,,,,,,,,,,,,,,,,,,,,,,,,,,,,,,,,,,,,,,,,,,,,,,,,,,,,,,,,,,,,,,,,,,,,,,,,,,,,,,,,,,,,,,,,,,,,,,,,,,,,,,,,,,,,,,,,,,,,,,,,,,,,,,,,,,,,,,,,,,,,,,,,,,,,,,,,,,,,,,,,,,,,,,,,,,,,,,,,,,,,,,,,,,,,,,,,,,,,,,,,,,,,,,,,,,,,,,,,,,,,,,,,,,,,,,,,,,,,,,,,,,,,,,,,,,,,,,,,,,,,,,,,,,,,,,,,,,,,,,,,,,,,,,,,,,,,,,,,,,,,,,,,,,,,,,,,,,,,,,,,,,,,,,,,,,,,,,,,,,,,,,,,,,,,,,,,,,,,,,,,,,,,,,,,,,,,,,,,,,,,,,,,
4,2019-11-01,8223.0,1.0,861.0,544.0,94.0,3812.0,103.0,172.0,33.0,684.0,957.0,336.0,135.0,1146.0,,121.0,47.0,12.0,577.0,11.0,29.0,8.0,99.0,120.0,60.0,31.0,831.0,,121.0,66.0,8.0,388.0,33.0,12.0,2.0,58.0,67.0,25.0,21.0,856.0,,47.0,69.0,8.0,485.0,16.0,10.0,,53.0,90.0,36.0,4.0,608.0,1.0,80.0,31.0,6.0,333.0,3.0,16.0,2.0,29.0,41.0,17.0,8.0,340.0,,26.0,28.0,8.0,159.0,2.0,11.0,,29.0,36.0,16.0,9.0,254.0,,20.0,19.0,11.0,110.0,,4.0,,21.0,38.0,14.0,8.0,214.0,,21.0,15.0,2.0,91.0,3.0,4.0,1.0,16.0,31.0,15.0,3.0,260.0,,15.0,2.0,1.0,169.0,,7.0,1.0,9.0,31.0,10.0,3.0,172.0,,20.0,16.0,7.0,71.0,3.0,3.0,,13.0,24.0,1.0,1.0,143.0,,30.0,7.0,6.0,54.0,2.0,2.0,,8.0,19.0,2.0,,49.0,,1.0,8.0,1.0,30.0,1.0,3.5,,5.0,2.0,1.0,,,,,,,,,,,,,,,,,,,,,,,,,,,,,,,,,,,,,,,,,,,,,,,,,,,,,,,,,,,,,,,,,,,,,,,,,,,,,,,,,,,,,,,,,,,,,,,,,,,,,,,,,,,,,,,,,,,,,,,,,,,,,,,,,,,,,,,,,,,,,,,,,,,,,,,,,,,,,,,,,,,,,,,,,,,,,,,,,,,,,,,,,,,,,,,,,,,,,,,,,,,,,,,,,,,,,,,,,,,,,,,,,,,,,,,,,,,,,,,,,,,,,,,,,,,,,,,,,,,,,,,,,,,,,,,,,,,,,,,,,,,,,,,,,,,,,,,,,,,,,,,,,,,,,,,,,,,,,,,,,,,,,,,,,,,,,,,,,,,,,,,,,,,,,,,,,,,,,,,,,,,,,,,,,,,,,,,,,,,,,,,,,,,,,,,,,,,,,,,,,,,,,,,,,,,,,,,,,,,,,,,,,,,,,,,,,,,,,,,,,,,,,,,,,,,,,,,,,,,,,,,,,,,,,,,,,,,,,,,,,,,,,,,,,,,,,,,,,,,,,,,,,,,,,,,,,,,,,,,,,,,,,,,,,,,,,,,,,,,,,,,,,,,,,,,,,,,,,,,,,,,,,,,,,,,,,,,,,,,,,,,,,,,,,,,,,,,,,,,,,,,,,,,,,,,,,,,,,,,,,,,,,,,,,,,,,,,,,,,,,,,,,,,,,,,,,,,,,,,,,,,,,,,,,,,,,,,,,,,,,,,,,,,,,,,,,,,,,,,,,,,,,,,,,,,,,,,,,,,,,,,,,,,,,,,,,,,,,,,,,,,,,,,,,,,,,,,,,,,,,,,,,,,,,,,,,,,,,,,,,,,,,,,,,,,,,,,,,,,,,,,,,,,,,,,,,,,,,,,,,,,,,,,,,,,,,,,,,,,,,,,,,,,,,,,,,,,,,,,,,,,,,,,,,,,,,,,,,,,,
5,2019-12-01,7034.0,5.0,594.0,401.0,93.0,3310.0,95.0,435.0,86.0,472.0,790.0,320.0,141.0,1056.0,,66.0,50.0,5.0,539.0,19.0,52.0,22.0,67.0,107.0,72.0,21.0,488.0,,19.0,20.0,6.0,263.0,22.0,19.0,6.0,29.0,48.0,36.0,16.0,638.0,,43.0,25.0,6.0,353.0,17.0,36.0,1.0,29.0,73.0,12.0,23.0,553.0,3.5,55.0,19.0,8.0,317.0,8.0,23.0,12.0,22.0,41.0,20.0,9.0,311.0,,25.0,25.0,9.0,143.0,2.0,19.0,6.0,12.0,38.0,15.0,12.0,208.0,,24.0,14.0,2.0,87.0,2.0,10.0,1.0,16.0,33.0,4.0,5.0,197.0,,20.0,21.0,2.0,49.0,2.0,37.0,1.0,20.0,24.0,13.0,1.0,174.0,,15.0,24.0,3.0,94.0,1.0,3.0,1.0,7.0,12.0,4.0,2.0,146.0,,16.0,5.0,2.0,29.0,1.0,24.0,,7.0,24.0,23.0,3.0,93.0,,10.0,16.0,4.0,35.0,1.875,4.0,2.0,12.0,6.0,1.0,,40.0,,4.0,2.0,6.0,12.0,1.0,5.0,,8.0,1.0,1.5,1.0,,,,,,,,,,,,,,,,,,,,,,,,,,,,,,,,,,,,,,,,,,,,,,,,,,,,,,,,,,,,,,,,,,,,,,,,,,,,,,,,,,,,,,,,,,,,,,,,,,,,,,,,,,,,,,,,,,,,,,,,,,,,,,,,,,,,,,,,,,,,,,,,,,,,,,,,,,,,,,,,,,,,,,,,,,,,,,,,,,,,,,,,,,,,,,,,,,,,,,,,,,,,,,,,,,,,,,,,,,,,,,,,,,,,,,,,,,,,,,,,,,,,,,,,,,,,,,,,,,,,,,,,,,,,,,,,,,,,,,,,,,,,,,,,,,,,,,,,,,,,,,,,,,,,,,,,,,,,,,,,,,,,,,,,,,,,,,,,,,,,,,,,,,,,,,,,,,,,,,,,,,,,,,,,,,,,,,,,,,,,,,,,,,,,,,,,,,,,,,,,,,,,,,,,,,,,,,,,,,,,,,,,,,,,,,,,,,,,,,,,,,,,,,,,,,,,,,,,,,,,,,,,,,,,,,,,,,,,,,,,,,,,,,,,,,,,,,,,,,,,,,,,,,,,,,,,,,,,,,,,,,,,,,,,,,,,,,,,,,,,,,,,,,,,,,,,,,,,,,,,,,,,,,,,,,,,,,,,,,,,,,,,,,,,,,,,,,,,,,,,,,,,,,,,,,,,,,,,,,,,,,,,,,,,,,,,,,,,,,,,,,,,,,,,,,,,,,,,,,,,,,,,,,,,,,,,,,,,,,,,,,,,,,,,,,,,,,,,,,,,,,,,,,,,,,,,,,,,,,,,,,,,,,,,,,,,,,,,,,,,,,,,,,,,,,,,,,,,,,,,,,,,,,,,,,,,,,,,,,,,,,,,,,,,,,,,,,,,,,,,,,,,,,,,,,,,,,,,,,,,,,,,,,,,,,,,,,,,,,,,,,,,,,,,,,,,,,,,,,,,,,,,,,,,,,,,,,,,,,,
6,2020-01-01,9138.0,9.0,521.0,558.0,108.0,3955.0,44.0,1205.0,107.0,547.0,1104.0,286.0,215.0,1224.0,2.0,99.0,51.0,17.0,508.0,10.0,158.0,12.0,69.0,181.0,38.0,41.0,808.0,2.0,26.0,61.0,4.0,386.0,9.0,109.0,13.0,50.0,59.0,44.0,25.0,788.0,,33.0,77.0,4.0,476.0,2.0,36.0,7.0,38.0,74.0,4.0,9.0,556.0,6.0,51.0,32.0,5.0,256.0,9.333333333333334,53.0,1.0,25.0,56.0,20.0,12.0,463.0,,43.0,19.0,5.0,209.0,1.0,64.0,2.0,26.0,42.0,8.0,19.0,247.0,,22.0,13.0,8.0,79.0,2.0,36.0,2.0,15.0,28.0,12.0,9.0,249.0,1.0,17.0,33.0,10.0,66.0,1.0,58.0,1.0,13.0,20.0,12.0,5.0,232.0,,10.0,8.0,7.5,134.0,1.0,20.0,1.0,10.0,30.0,8.0,5.0,184.0,,10.0,19.0,8.0,50.0,1.3333333333333333,45.0,,16.0,21.0,1.0,10.0,105.0,,26.0,17.0,1.0,19.0,1.75,15.0,2.0,3.0,8.0,3.0,2.0,52.0,,1.0,2.0,5.5,19.0,1.25,16.0,,3.0,6.0,2.0,2.0,,,,,,,,,,,,,,,,,,,,,,,,,,,,,,,,,,,,,,,,,,,,,,,,,,,,,,,,,,,,,,,,,,,,,,,,,,,,,,,,,,,,,,,,,,,,,,,,,,,,,,,,,,,,,,,,,,,,,,,,,,,,,,,,,,,,,,,,,,,,,,,,,,,,,,,,,,,,,,,,,,,,,,,,,,,,,,,,,,,,,,,,,,,,,,,,,,,,,,,,,,,,,,,,,,,,,,,,,,,,,,,,,,,,,,,,,,,,,,,,,,,,,,,,,,,,,,,,,,,,,,,,,,,,,,,,,,,,,,,,,,,,,,,,,,,,,,,,,,,,,,,,,,,,,,,,,,,,,,,,,,,,,,,,,,,,,,,,,,,,,,,,,,,,,,,,,,,,,,,,,,,,,,,,,,,,,,,,,,,,,,,,,,,,,,,,,,,,,,,,,,,,,,,,,,,,,,,,,,,,,,,,,,,,,,,,,,,,,,,,,,,,,,,,,,,,,,,,,,,,,,,,,,,,,,,,,,,,,,,,,,,,,,,,,,,,,,,,,,,,,,,,,,,,,,,,,,,,,,,,,,,,,,,,,,,,,,,,,,,,,,,,,,,,,,,,,,,,,,,,,,,,,,,,,,,,,,,,,,,,,,,,,,,,,,,,,,,,,,,,,,,,,,,,,,,,,,,,,,,,,,,,,,,,,,,,,,,,,,,,,,,,,,,,,,,,,,,,,,,,,,,,,,,,,,,,,,,,,,,,,,,,,,,,,,,,,,,,,,,,,,,,,,,,,,,,,,,,,,,,,,,,,,,,,,,,,,,,,,,,,,,,,,,,,,,,,,,,,,,,,,,,,,,,,,,,,,,,,,,,,,,,,,,,,,,,,,,,,,,,,,,,,,,,,,,,,,,,,,,,,,,,,,,,,,,,,,,,,,,,,,,,,,,,,,,,,,,,,,,,,,,,,,,,,,,,,,,,,,,
7,2020-02-01,8404.0,19.0,796.0,761.0,360.0,3284.0,67.0,654.0,80.0,406.0,849.0,409.0,224.0,1136.0,3.0,115.0,67.0,47.0,483.0,14.0,72.0,20.0,44.0,112.0,65.0,34.0,705.0,1.0,55.0,62.0,24.0,336.0,10.0,36.0,5.0,35.0,74.0,31.0,23.0,776.0,,48.0,65.0,20.0,431.0,3.0,24.0,3.0,39.0,63.0,26.0,18.0,620.0,8.5,72.0,45.0,26.0,280.0,10.666666666666666,38.0,6.0,29.0,39.0,29.0,8.0,453.0,,48.0,31.0,25.0,223.0,2.0,30.0,1.0,20.0,26.0,18.0,10.0,226.0,,31.0,30.0,9.0,67.0,2.0,14.0,2.0,6.0,36.0,10.0,2.0,267.0,1.6666666666666665,41.0,37.0,15.0,81.0,3.0,9.0,2.0,11.0,24.0,18.0,10.0,197.0,1.0,6.0,23.0,12.0,85.0,1.0,7.0,2.0,15.0,24.0,10.0,2.0,207.0,,34.0,36.0,24.0,50.0,1.6666666666666665,5.0,1.0,13.0,12.0,15.0,6.0,145.0,3.0,13.0,25.0,10.0,44.0,1.625,3.0,2.0,2.0,14.0,9.0,1.5,35.0,,4.0,4.0,5.0,8.0,1.5,12.0,,2.0,1.0,2.0,1.0,,,,,,,,,,,,,,,,,,,,,,,,,,,,,,,,,,,,,,,,,,,,,,,,,,,,,,,,,,,,,,,,,,,,,,,,,,,,,,,,,,,,,,,,,,,,,,,,,,,,,,,,,,,,,,,,,,,,,,,,,,,,,,,,,,,,,,,,,,,,,,,,,,,,,,,,,,,,,,,,,,,,,,,,,,,,,,,,,,,,,,,,,,,,,,,,,,,,,,,,,,,,,,,,,,,,,,,,,,,,,,,,,,,,,,,,,,,,,,,,,,,,,,,,,,,,,,,,,,,,,,,,,,,,,,,,,,,,,,,,,,,,,,,,,,,,,,,,,,,,,,,,,,,,,,,,,,,,,,,,,,,,,,,,,,,,,,,,,,,,,,,,,,,,,,,,,,,,,,,,,,,,,,,,,,,,,,,,,,,,,,,,,,,,,,,,,,,,,,,,,,,,,,,,,,,,,,,,,,,,,,,,,,,,,,,,,,,,,,,,,,,,,,,,,,,,,,,,,,,,,,,,,,,,,,,,,,,,,,,,,,,,,,,,,,,,,,,,,,,,,,,,,,,,,,,,,,,,,,,,,,,,,,,,,,,,,,,,,,,,,,,,,,,,,,,,,,,,,,,,,,,,,,,,,,,,,,,,,,,,,,,,,,,,,,,,,,,,,,,,,,,,,,,,,,,,,,,,,,,,,,,,,,,,,,,,,,,,,,,,,,,,,,,,,,,,,,,,,,,,,,,,,,,,,,,,,,,,,,,,,,,,,,,,,,,,,,,,,,,,,,,,,,,,,,,,,,,,,,,,,,,,,,,,,,,,,,,,,,,,,,,,,,,,,,,,,,,,,,,,,,,,,,,,,,,,,,,,,,,,,,,,,,,,,,,,,,,,,,,,,,,,,,,,,,,,,,,,,,,,,,,,,,,,,,,,,,,,,,,,,,,,,,,,,,,,,,,,,,,,,,,,,,,,,,,,,,,,,,,
8,2020-03-01,18618.0,86.0,1579.0,1103.0,394.0,5881.0,281.0,1110.0,304.0,1285.0,2169.0,1054.0,486.0,3927.0,10.0,284.0,194.0,117.0,1037.0,84.0,168.0,155.0,265.0,670.0,302.0,183.0,721.0,1.0,156.0,50.0,8.0,227.0,11.0,32.0,1.0,29.0,89.0,31.0,14.0,1410.0,23.0,125.0,107.0,19.0,540.0,19.0,67.0,3.0,56.0,83.0,87.0,16.0,1543.0,11.0,139.0,101.0,19.0,742.0,12.0,44.0,2.0,68.0,85.0,51.0,16.0,574.0,2.0,56.0,42.0,16.0,203.0,2.0,25.0,2.0,49.0,45.0,33.0,1.0,310.0,,42.0,26.0,6.0,124.0,2.0,24.0,1.0,19.0,33.0,9.0,3.0,283.0,2.333333333333333,17.0,48.0,6.0,76.0,4.0,18.0,5.0,17.0,31.0,17.0,2.0,150.0,1.0,21.0,7.0,5.0,69.0,1.0,5.0,3.5,11.0,9.0,7.0,3.0,113.0,,10.0,11.0,6.0,43.0,2.0,14.0,1.0,9.0,2.0,5.0,1.0,137.0,2.0,17.0,10.0,9.0,54.0,1.5,5.0,2.0,5.0,22.0,3.0,1.0,32.0,,7.0,4.0,3.0,11.0,1.75,1.0,1.0,2.0,1.0,3.0,1.4,,,,,,,,,,,,,,,,,,,,,,,,,,,,,,,,,,,,,,,,,,,,,,,,,,,,,,,,,,,,,,,,,,,,,,,,,,,,,,,,,,,,,,,,,,,,,,,,,,,,,,,,,,,,,,,,,,,,,,,,,,,,,,,,,,,,,,,,,,,,,,,,,,,,,,,,,,,,,,,,,,,,,,,,,,,,,,,,,,,,,,,,,,,,,,,,,,,,,,,,,,,,,,,,,,,,,,,,,,,,,,,,,,,,,,,,,,,,,,,,,,,,,,,,,,,,,,,,,,,,,,,,,,,,,,,,,,,,,,,,,,,,,,,,,,,,,,,,,,,,,,,,,,,,,,,,,,,,,,,,,,,,,,,,,,,,,,,,,,,,,,,,,,,,,,,,,,,,,,,,,,,,,,,,,,,,,,,,,,,,,,,,,,,,,,,,,,,,,,,,,,,,,,,,,,,,,,,,,,,,,,,,,,,,,,,,,,,,,,,,,,,,,,,,,,,,,,,,,,,,,,,,,,,,,,,,,,,,,,,,,,,,,,,,,,,,,,,,,,,,,,,,,,,,,,,,,,,,,,,,,,,,,,,,,,,,,,,,,,,,,,,,,,,,,,,,,,,,,,,,,,,,,,,,,,,,,,,,,,,,,,,,,,,,,,,,,,,,,,,,,,,,,,,,,,,,,,,,,,,,,,,,,,,,,,,,,,,,,,,,,,,,,,,,,,,,,,,,,,,,,,,,,,,,,,,,,,,,,,,,,,,,,,,,,,,,,,,,,,,,,,,,,,,,,,,,,,,,,,,,,,,,,,,,,,,,,,,,,,,,,,,,,,,,,,,,,,,,,,,,,,,,,,,,,,,,,,,,,,,,,,,,,,,,,,,,,,,,,,,,,,,,,,,,,,,,,,,,,,,,,,,,,,,,,,,,,,,,,,,,,,,,,,,,,,,,,,,,,,,,,,,,,,,,,,,,,,,,,,,
9,2020-04-01,24138.0,122.0,1233.0,777.0,574.0,6559.0,470.0,1158.0,636.0,1378.0,3477.0,1228.0,673.0,5922.0,20.0,232.0,145.0,126.0,1277.0,150.0,258.0,216.0,252.0,1171.0,307.0,257.0,605.0,1.0,24.0,22.0,29.0,269.0,12.0,36.0,6.0,19.0,65.0,32.0,15.0,1218.0,7.0,62.0,61.0,25.0,398.0,24.0,39.0,27.0,49.0,146.0,100.0,20.0,1557.0,3.0,100.0,45.0,29.0,766.0,15.0,112.0,19.0,51.0,122.0,30.0,13.0,938.0,10.0,40.0,38.0,17.0,339.0,2.0,64.0,41.0,41.0,102.0,30.0,17.0,407.0,2.0,28.0,21.0,14.0,156.0,1.0,13.0,12.0,18.0,65.0,10.0,13.0,261.0,3.0,19.0,19.0,6.0,70.0,4.0,15.0,4.0,19.0,29.0,16.0,6.0,222.0,1.0,15.5,2.0,1.0,131.0,1.0,11.0,5.0,6.0,23.0,7.0,4.0,155.0,1.0,3.0,14.0,5.0,48.0,1.0,2.0,5.0,14.0,14.0,2.0,2.0,114.0,1.0,7.0,6.0,7.0,39.0,1.375,14.0,2.0,7.0,12.0,2.0,1.0,48.0,,1.0,1.0,4.5,26.0,2.0,4.0,5.0,2.0,1.0,2.0,1.8,,,,,,,,,,,,,,,,,,,,,,,,,,,,,,,,,,,,,,,,,,,,,,,,,,,,,,,,,,,,,,,,,,,,,,,,,,,,,,,,,,,,,,,,,,,,,,,,,,,,,,,,,,,,,,,,,,,,,,,,,,,,,,,,,,,,,,,,,,,,,,,,,,,,,,,,,,,,,,,,,,,,,,,,,,,,,,,,,,,,,,,,,,,,,,,,,,,,,,,,,,,,,,,,,,,,,,,,,,,,,,,,,,,,,,,,,,,,,,,,,,,,,,,,,,,,,,,,,,,,,,,,,,,,,,,,,,,,,,,,,,,,,,,,,,,,,,,,,,,,,,,,,,,,,,,,,,,,,,,,,,,,,,,,,,,,,,,,,,,,,,,,,,,,,,,,,,,,,,,,,,,,,,,,,,,,,,,,,,,,,,,,,,,,,,,,,,,,,,,,,,,,,,,,,,,,,,,,,,,,,,,,,,,,,,,,,,,,,,,,,,,,,,,,,,,,,,,,,,,,,,,,,,,,,,,,,,,,,,,,,,,,,,,,,,,,,,,,,,,,,,,,,,,,,,,,,,,,,,,,,,,,,,,,,,,,,,,,,,,,,,,,,,,,,,,,,,,,,,,,,,,,,,,,,,,,,,,,,,,,,,,,,,,,,,,,,,,,,,,,,,,,,,,,,,,,,,,,,,,,,,,,,,,,,,,,,,,,,,,,,,,,,,,,,,,,,,,,,,,,,,,,,,,,,,,,,,,,,,,,,,,,,,,,,,,,,,,,,,,,,,,,,,,,,,,,,,,,,,,,,,,,,,,,,,,,,,,,,,,,,,,,,,,,,,,,,,,,,,,,,,,,,,,,,,,,,,,,,,,,,,,,,,,,,,,,,,,,,,,,,,,,,,,,,,,,,,,,,,,,,,,,,,,,,,,,,,,,,,,,,,,,,,,,,,,,,,,,,,,,,,,,,,,,,,,,,,,,,,,
10,2020-05-01,13530.0,102.0,676.0,377.0,432.0,4402.0,214.0,638.0,265.0,826.0,1882.0,640.0,334.0,2718.0,15.0,100.0,61.0,82.0,734.0,51.0,160.0,71.0,158.0,438.0,148.0,128.0,679.0,4.0,16.0,8.0,13.0,346.0,13.0,41.0,7.0,41.0,90.0,21.0,26.0,912.0,8.0,38.0,11.0,31.0,353.0,8.0,35.0,11.0,59.0,157.0,88.0,5.0,829.0,5.0,56.0,25.0,27.0,423.0,7.0,26.0,14.0,30.0,108.0,18.0,5.0,498.0,2.0,34.0,5.0,25.0,212.0,5.0,25.0,17.0,22.0,68.0,17.0,4.0,276.0,2.0,19.0,8.0,12.0,100.0,6.0,3.0,7.5,11.0,41.0,9.0,6.0,215.0,3.0,27.0,12.0,12.0,44.0,3.0,8.0,3.0,9.0,15.0,3.0,3.0,252.0,1.0,10.0,11.0,14.0,126.0,1.3333333333333333,12.0,1.0,14.0,32.0,4.0,9.0,125.0,1.0,10.0,2.0,9.0,30.0,3.0,7.0,1.0,5.0,11.0,6.0,1.5,63.0,1.1666666666666667,3.0,7.0,15.0,19.0,1.25,7.5,2.0,1.0,5.0,2.5,2.0,48.0,1.0,1.0,1.5,6.0,26.0,1.8571428571428572,2.0,4.571428571428571,1.6666666666666667,1.0,2.0,2.2,,,,,,,,,,,,,,,,,,,,,,,,,,,,,,,,,,,,,,,,,,,,,,,,,,,,,,,,,,,,,,,,,,,,,,,,,,,,,,,,,,,,,,,,,,,,,,,,,,,,,,,,,,,,,,,,,,,,,,,,,,,,,,,,,,,,,,,,,,,,,,,,,,,,,,,,,,,,,,,,,,,,,,,,,,,,,,,,,,,,,,,,,,,,,,,,,,,,,,,,,,,,,,,,,,,,,,,,,,,,,,,,,,,,,,,,,,,,,,,,,,,,,,,,,,,,,,,,,,,,,,,,,,,,,,,,,,,,,,,,,,,,,,,,,,,,,,,,,,,,,,,,,,,,,,,,,,,,,,,,,,,,,,,,,,,,,,,,,,,,,,,,,,,,,,,,,,,,,,,,,,,,,,,,,,,,,,,,,,,,,,,,,,,,,,,,,,,,,,,,,,,,,,,,,,,,,,,,,,,,,,,,,,,,,,,,,,,,,,,,,,,,,,,,,,,,,,,,,,,,,,,,,,,,,,,,,,,,,,,,,,,,,,,,,,,,,,,,,,,,,,,,,,,,,,,,,,,,,,,,,,,,,,,,,,,,,,,,,,,,,,,,,,,,,,,,,,,,,,,,,,,,,,,,,,,,,,,,,,,,,,,,,,,,,,,,,,,,,,,,,,,,,,,,,,,,,,,,,,,,,,,,,,,,,,,,,,,,,,,,,,,,,,,,,,,,,,,,,,,,,,,,,,,,,,,,,,,,,,,,,,,,,,,,,,,,,,,,,,,,,,,,,,,,,,,,,,,,,,,,,,,,,,,,,,,,,,,,,,,,,,,,,,,,,,,,,,,,,,,,,,,,,,,,,,,,,,,,,,,,,,,,,,,,,,,,,,,,,,,,,,,,,,,,,,,,,,,,,,,,,,,,,,,,,,,,,,,,,,,,,,,,,,,,,,,,,,,,,,,,,,,,,,,,,,,,,,,,,,,
11,2020-06-01,10966.0,41.0,831.0,454.0,286.0,4474.0,99.0,835.0,131.0,647.0,1249.0,586.0,185.0,1763.0,4.0,126.0,58.0,67.0,644.0,15.0,111.0,19.0,141.0,265.0,100.0,43.0,822.0,2.0,55.0,32.0,3.0,378.0,8.0,85.0,30.0,35.0,101.0,47.0,7.0,789.0,6.0,48.0,43.0,27.0,354.0,2.0,50.0,4.0,41.0,94.0,33.0,17.0,724.0,1.0,61.0,27.0,23.0,369.0,3.0,56.0,2.0,34.0,46.0,33.0,3.0,383.0,10.0,15.0,22.0,12.0,185.0,3.0,29.0,2.0,19.0,29.0,19.0,9.0,255.0,2.75,28.0,7.0,8.0,144.0,1.0,6.0,3.0,23.0,10.0,9.0,3.0,215.0,1.0,30.0,14.0,2.0,62.0,3.0,20.0,3.0,18.0,13.0,8.0,3.0,255.0,1.0,26.0,6.0,7.0,154.0,1.6666666666666665,16.0,4.0,9.0,6.0,8.0,4.0,129.0,2.5,14.0,12.0,2.0,36.0,1.0,9.0,1.0,4.0,10.0,14.0,1.0,53.0,1.3333333333333333,8.0,4.0,6.0,18.0,1.125,1.0,2.0,5.0,7.0,3.0,1.0,36.0,1.0,4.0,2.0,1.0,22.0,1.7142857142857144,2.0,4.142857142857143,1.3333333333333335,4.0,2.0,2.6,,,,,,,,,,,,,,,,,,,,,,,,,,,,,,,,,,,,,,,,,,,,,,,,,,,,,,,,,,,,,,,,,,,,,,,,,,,,,,,,,,,,,,,,,,,,,,,,,,,,,,,,,,,,,,,,,,,,,,,,,,,,,,,,,,,,,,,,,,,,,,,,,,,,,,,,,,,,,,,,,,,,,,,,,,,,,,,,,,,,,,,,,,,,,,,,,,,,,,,,,,,,,,,,,,,,,,,,,,,,,,,,,,,,,,,,,,,,,,,,,,,,,,,,,,,,,,,,,,,,,,,,,,,,,,,,,,,,,,,,,,,,,,,,,,,,,,,,,,,,,,,,,,,,,,,,,,,,,,,,,,,,,,,,,,,,,,,,,,,,,,,,,,,,,,,,,,,,,,,,,,,,,,,,,,,,,,,,,,,,,,,,,,,,,,,,,,,,,,,,,,,,,,,,,,,,,,,,,,,,,,,,,,,,,,,,,,,,,,,,,,,,,,,,,,,,,,,,,,,,,,,,,,,,,,,,,,,,,,,,,,,,,,,,,,,,,,,,,,,,,,,,,,,,,,,,,,,,,,,,,,,,,,,,,,,,,,,,,,,,,,,,,,,,,,,,,,,,,,,,,,,,,,,,,,,,,,,,,,,,,,,,,,,,,,,,,,,,,,,,,,,,,,,,,,,,,,,,,,,,,,,,,,,,,,,,,,,,,,,,,,,,,,,,,,,,,,,,,,,,,,,,,,,,,,,,,,,,,,,,,,,,,,,,,,,,,,,,,,,,,,,,,,,,,,,,,,,,,,,,,,,,,,,,,,,,,,,,,,,,,,,,,,,,,,,,,,,,,,,,,,,,,,,,,,,,,,,,,,,,,,,,,,,,,,,,,,,,,,,,,,,,,,,,,,,,,,,,,,,,,,,,,,,,,,,,,,,,,,,,,,,,,,,,,,,,,,,,,,,,,,,,,,,,,,,,,,,,,,,
12,2020-07-01,14179.0,41.0,926.0,547.0,417.0,5787.0,151.0,1182.0,217.0,954.0,1878.0,599.0,273.0,2335.0,10.0,124.0,86.0,106.0,1009.0,28.0,137.0,54.0,153.0,290.0,137.0,76.0,1679.0,1.0,91.0,90.0,62.0,547.0,19.0,148.0,17.0,161.0,316.0,85.0,33.0,1087.0,6.0,90.0,45.0,23.0,545.0,4.0,55.0,11.0,60.0,143.0,13.0,23.0,1011.0,2.0,66.0,27.0,11.0,609.0,5.0,55.0,3.0,38.0,80.0,20.0,17.0,553.0,8.666666666666666,45.0,27.0,17.0,237.0,1.0,48.0,8.0,39.0,54.0,21.0,8.0,273.0,3.5,12.0,5.0,6.0,121.0,2.0,27.0,2.0,17.0,40.0,17.0,5.0,253.0,1.0,16.0,7.0,10.0,64.0,5.0,21.0,3.0,16.0,46.0,11.0,4.0,312.0,1.0,27.0,9.0,4.0,179.0,2.0,3.0,4.0,21.0,19.0,6.0,4.0,236.0,4.0,24.0,10.0,18.0,66.0,3.0,24.0,1.0,13.0,32.0,25.0,1.0,133.0,1.5,17.0,10.0,7.0,32.0,1.0,13.0,2.0,4.0,29.0,4.0,3.0,56.0,1.0,4.0,3.0,2.0,17.0,1.5714285714285714,2.0,3.7142857142857144,1.0,16.0,2.0,3.0,,,,,,,,,,,,,,,,,,,,,,,,,,,,,,,,,,,,,,,,,,,,,,,,,,,,,,,,,,,,,,,,,,,,,,,,,,,,,,,,,,,,,,,,,,,,,,,,,,,,,,,,,,,,,,,,,,,,,,,,,,,,,,,,,,,,,,,,,,,,,,,,,,,,,,,,,,,,,,,,,,,,,,,,,,,,,,,,,,,,,,,,,,,,,,,,,,,,,,,,,,,,,,,,,,,,,,,,,,,,,,,,,,,,,,,,,,,,,,,,,,,,,,,,,,,,,,,,,,,,,,,,,,,,,,,,,,,,,,,,,,,,,,,,,,,,,,,,,,,,,,,,,,,,,,,,,,,,,,,,,,,,,,,,,,,,,,,,,,,,,,,,,,,,,,,,,,,,,,,,,,,,,,,,,,,,,,,,,,,,,,,,,,,,,,,,,,,,,,,,,,,,,,,,,,,,,,,,,,,,,,,,,,,,,,,,,,,,,,,,,,,,,,,,,,,,,,,,,,,,,,,,,,,,,,,,,,,,,,,,,,,,,,,,,,,,,,,,,,,,,,,,,,,,,,,,,,,,,,,,,,,,,,,,,,,,,,,,,,,,,,,,,,,,,,,,,,,,,,,,,,,,,,,,,,,,,,,,,,,,,,,,,,,,,,,,,,,,,,,,,,,,,,,,,,,,,,,,,,,,,,,,,,,,,,,,,,,,,,,,,,,,,,,,,,,,,,,,,,,,,,,,,,,,,,,,,,,,,,,,,,,,,,,,,,,,,,,,,,,,,,,,,,,,,,,,,,,,,,,,,,,,,,,,,,,,,,,,,,,,,,,,,,,,,,,,,,,,,,,,,,,,,,,,,,,,,,,,,,,,,,,,,,,,,,,,,,,,,,,,,,,,,,,,,,,,,,,,,,,,,,,,,,,,,,,,,,,,,,,,,,,,,,,,,,,,,,,,,,,,,,,,,,,,,,,,,,,,,,,
13,2020-08-01,11819.0,28.0,911.0,424.0,493.0,4525.0,91.0,1265.0,115.0,629.0,1500.0,616.0,185.0,1866.0,3.0,154.0,67.0,100.0,764.0,13.0,155.0,26.0,80.0,234.0,123.0,37.0,1620.0,1.5,124.0,94.0,47.0,419.0,15.0,204.0,3.0,171.0,335.0,109.0,24.0,940.0,3.0,71.0,31.0,25.0,423.0,12.0,64.0,2.0,42.0,96.0,49.0,22.0,810.0,2.5,88.0,27.0,14.0,407.0,3.5,72.0,10.0,38.0,74.0,25.0,14.0,449.0,7.333333333333334,48.0,14.0,9.0,172.0,1.0,93.0,7.0,17.0,53.0,17.0,6.5,234.0,4.25,28.0,3.0,24.0,98.0,1.0,8.0,3.0,10.0,19.0,19.0,2.0,168.0,2.0,17.0,19.0,9.0,42.0,5.0,18.0,4.0,3.0,11.0,8.0,4.0,297.0,1.0,12.0,7.0,16.0,186.0,2.5,10.0,3.5,5.0,21.0,12.0,3.0,192.0,5.5,15.0,8.0,18.0,65.0,5.0,19.0,3.0,8.0,34.0,2.0,1.0,90.0,1.6666666666666665,18.0,13.0,1.0,34.0,3.0,1.0,1.5,12.0,6.0,5.0,3.6666666666666665,61.0,1.0,23.0,1.0,3.0,13.0,1.4285714285714286,11.0,3.2857142857142856,1.0,1.0,2.0,3.0,,,,,,,,,,,,,,,,,,,,,,,,,,,,,,,,,,,,,,,,,,,,,,,,,,,,,,,,,,,,,,,,,,,,,,,,,,,,,,,,,,,,,,,,,,,,,,,,,,,,,,,,,,,,,,,,,,,,,,,,,,,,,,,,,,,,,,,,,,,,,,,,,,,,,,,,,,,,,,,,,,,,,,,,,,,,,,,,,,,,,,,,,,,,,,,,,,,,,,,,,,,,,,,,,,,,,,,,,,,,,,,,,,,,,,,,,,,,,,,,,,,,,,,,,,,,,,,,,,,,,,,,,,,,,,,,,,,,,,,,,,,,,,,,,,,,,,,,,,,,,,,,,,,,,,,,,,,,,,,,,,,,,,,,,,,,,,,,,,,,,,,,,,,,,,,,,,,,,,,,,,,,,,,,,,,,,,,,,,,,,,,,,,,,,,,,,,,,,,,,,,,,,,,,,,,,,,,,,,,,,,,,,,,,,,,,,,,,,,,,,,,,,,,,,,,,,,,,,,,,,,,,,,,,,,,,,,,,,,,,,,,,,,,,,,,,,,,,,,,,,,,,,,,,,,,,,,,,,,,,,,,,,,,,,,,,,,,,,,,,,,,,,,,,,,,,,,,,,,,,,,,,,,,,,,,,,,,,,,,,,,,,,,,,,,,,,,,,,,,,,,,,,,,,,,,,,,,,,,,,,,,,,,,,,,,,,,,,,,,,,,,,,,,,,,,,,,,,,,,,,,,,,,,,,,,,,,,,,,,,,,,,,,,,,,,,,,,,,,,,,,,,,,,,,,,,,,,,,,,,,,,,,,,,,,,,,,,,,,,,,,,,,,,,,,,,,,,,,,,,,,,,,,,,,,,,,,,,,,,,,,,,,,,,,,,,,,,,,,,,,,,,,,,,,,,,,,,,,,,,,,,,,,,,,,,,,,,,,,,,,,,,,,,,,,,,,,,,,,,,,,,,,,,,,,,,,,,,,,,
14,2020-09-01,14216.0,70.0,978.0,703.0,619.0,5267.0,115.0,1343.0,226.0,820.0,1782.0,697.0,230.0,2240.0,13.0,174.0,98.0,105.0,911.0,19.0,170.0,34.0,103.0,292.0,76.0,56.0,1811.0,2.0,128.0,149.0,81.0,531.0,14.0,152.0,26.0,180.0,338.0,108.0,28.0,1140.0,1.0,71.0,50.0,30.0,522.0,12.0,83.0,26.0,58.0,117.0,48.0,17.0,952.0,3.0,116.0,38.0,39.0,468.0,2.0,55.0,16.0,45.0,51.0,44.0,3.0,531.0,6.0,43.0,37.0,26.0,183.0,1.0,66.0,6.0,23.0,39.0,28.0,5.0,387.0,5.0,42.0,39.0,15.0,158.0,1.0,25.0,9.0,16.0,28.0,18.0,1.0,374.0,5.0,20.0,31.0,25.0,85.0,5.0,40.0,6.0,48.0,32.0,12.0,7.0,260.0,1.0,12.0,14.0,2.0,159.0,3.0,9.0,3.0,7.0,30.0,12.0,3.5,368.0,7.0,23.0,8.0,43.0,89.0,7.0,65.0,4.0,18.0,58.0,12.0,8.0,126.0,1.8333333333333333,15.0,16.0,7.0,40.0,5.0,15.0,1.0,2.0,18.0,14.0,4.333333333333333,104.0,1.0,4.0,26.0,8.0,36.0,1.2857142857142858,6.0,2.857142857142857,3.0,4.0,1.0,3.0,,,,,,,,,,,,,,,,,,,,,,,,,,,,,,,,,,,,,,,,,,,,,,,,,,,,,,,,,,,,,,,,,,,,,,,,,,,,,,,,,,,,,,,,,,,,,,,,,,,,,,,,,,,,,,,,,,,,,,,,,,,,,,,,,,,,,,,,,,,,,,,,,,,,,,,,,,,,,,,,,,,,,,,,,,,,,,,,,,,,,,,,,,,,,,,,,,,,,,,,,,,,,,,,,,,,,,,,,,,,,,,,,,,,,,,,,,,,,,,,,,,,,,,,,,,,,,,,,,,,,,,,,,,,,,,,,,,,,,,,,,,,,,,,,,,,,,,,,,,,,,,,,,,,,,,,,,,,,,,,,,,,,,,,,,,,,,,,,,,,,,,,,,,,,,,,,,,,,,,,,,,,,,,,,,,,,,,,,,,,,,,,,,,,,,,,,,,,,,,,,,,,,,,,,,,,,,,,,,,,,,,,,,,,,,,,,,,,,,,,,,,,,,,,,,,,,,,,,,,,,,,,,,,,,,,,,,,,,,,,,,,,,,,,,,,,,,,,,,,,,,,,,,,,,,,,,,,,,,,,,,,,,,,,,,,,,,,,,,,,,,,,,,,,,,,,,,,,,,,,,,,,,,,,,,,,,,,,,,,,,,,,,,,,,,,,,,,,,,,,,,,,,,,,,,,,,,,,,,,,,,,,,,,,,,,,,,,,,,,,,,,,,,,,,,,,,,,,,,,,,,,,,,,,,,,,,,,,,,,,,,,,,,,,,,,,,,,,,,,,,,,,,,,,,,,,,,,,,,,,,,,,,,,,,,,,,,,,,,,,,,,,,,,,,,,,,,,,,,,,,,,,,,,,,,,,,,,,,,,,,,,,,,,,,,,,,,,,,,,,,,,,,,,,,,,,,,,,,,,,,,,,,,,,,,,,,,,,,,,,,,,,,,,,,,,,,,,,,,,,,,,,,,,,,,,,,,,,,,,
15,2020-10-01,19453.0,80.0,1328.0,612.0,583.0,7216.0,216.0,1210.0,332.0,1045.0,2327.0,1409.0,423.0,3179.0,8.0,249.0,59.0,139.0,1217.0,31.0,120.0,60.0,141.0,386.0,255.0,119.0,1955.0,2.0,114.0,148.0,56.0,624.0,7.0,134.0,27.0,197.0,338.0,136.0,43.0,1647.0,1.0,76.0,55.0,45.0,746.0,35.0,67.0,40.0,54.0,172.0,105.0,32.0,1299.0,3.0,142.0,34.0,43.0,588.0,23.0,52.0,11.0,47.0,99.0,62.0,23.0,755.0,1.0,56.0,15.0,20.0,259.0,7.0,77.0,13.0,47.0,61.0,37.0,28.0,583.0,14.0,56.0,20.0,12.0,214.0,5.0,25.0,10.0,25.0,61.0,54.0,8.0,452.0,3.0,27.0,16.0,12.0,122.0,9.0,46.0,13.0,35.0,65.0,30.0,9.0,446.0,1.0,24.0,10.0,14.0,263.0,2.0,8.0,3.0,18.0,41.0,27.0,4.0,404.0,1.0,13.0,15.0,11.0,102.0,10.0,35.0,3.0,23.0,100.0,33.0,14.0,217.0,2.0,9.0,7.0,2.0,69.0,5.5,33.0,1.0,8.0,30.0,23.0,5.0,60.0,1.0,1.0,4.0,10.0,31.0,1.1428571428571428,6.0,2.428571428571429,5.0,2.0,4.0,3.0,,,,,,,,,,,,,,,,,,,,,,,,,,,,,,,,,,,,,,,,,,,,,,,,,,,,,,,,,,,,,,,,,,,,,,,,,,,,,,,,,,,,,,,,,,,,,,,,,,,,,,,,,,,,,,,,,,,,,,,,,,,,,,,,,,,,,,,,,,,,,,,,,,,,,,,,,,,,,,,,,,,,,,,,,,,,,,,,,,,,,,,,,,,,,,,,,,,,,,,,,,,,,,,,,,,,,,,,,,,,,,,,,,,,,,,,,,,,,,,,,,,,,,,,,,,,,,,,,,,,,,,,,,,,,,,,,,,,,,,,,,,,,,,,,,,,,,,,,,,,,,,,,,,,,,,,,,,,,,,,,,,,,,,,,,,,,,,,,,,,,,,,,,,,,,,,,,,,,,,,,,,,,,,,,,,,,,,,,,,,,,,,,,,,,,,,,,,,,,,,,,,,,,,,,,,,,,,,,,,,,,,,,,,,,,,,,,,,,,,,,,,,,,,,,,,,,,,,,,,,,,,,,,,,,,,,,,,,,,,,,,,,,,,,,,,,,,,,,,,,,,,,,,,,,,,,,,,,,,,,,,,,,,,,,,,,,,,,,,,,,,,,,,,,,,,,,,,,,,,,,,,,,,,,,,,,,,,,,,,,,,,,,,,,,,,,,,,,,,,,,,,,,,,,,,,,,,,,,,,,,,,,,,,,,,,,,,,,,,,,,,,,,,,,,,,,,,,,,,,,,,,,,,,,,,,,,,,,,,,,,,,,,,,,,,,,,,,,,,,,,,,,,,,,,,,,,,,,,,,,,,,,,,,,,,,,,,,,,,,,,,,,,,,,,,,,,,,,,,,,,,,,,,,,,,,,,,,,,,,,,,,,,,,,,,,,,,,,,,,,,,,,,,,,,,,,,,,,,,,,,,,,,,,,,,,,,,,,,,,,,,,,,,,,,,,,,,,,,,,,,,,,,,,,,,,,,,,,,,,
16,2020-11-01,25843.0,68.0,1611.0,915.0,988.0,9003.0,362.0,1684.0,408.0,1653.0,2952.0,2024.0,578.0,4659.0,11.0,293.0,156.0,254.0,1685.0,60.0,235.0,89.0,278.0,528.0,306.0,126.0,2269.0,5.0,98.0,127.0,59.0,665.0,26.0,146.0,30.0,236.0,358.0,286.0,65.0,1865.0,7.0,85.0,69.0,63.0,812.0,22.0,81.0,28.0,93.0,235.0,111.0,41.0,1591.0,4.0,114.0,37.0,58.0,798.0,15.0,84.0,17.0,80.0,107.0,77.0,23.0,1001.0,4.0,80.0,47.0,33.0,322.0,17.0,96.0,11.0,59.0,87.0,88.0,25.0,701.0,9.5,58.0,38.0,29.0,280.0,5.0,40.0,7.0,36.0,69.0,67.0,14.0,516.0,2.0,32.0,12.0,22.0,146.0,10.0,28.0,16.0,23.0,56.0,74.0,11.0,577.0,1.0,31.0,11.0,16.0,336.0,1.0,27.0,4.0,24.0,33.0,43.0,9.0,407.0,1.5,25.0,18.0,23.0,127.0,3.0,21.0,5.0,18.0,38.0,65.0,18.0,224.0,1.5,3.0,11.0,14.0,88.0,6.0,13.0,1.0,11.0,26.0,17.0,1.0,137.0,1.0,5.0,4.0,12.0,53.0,1.0,15.0,2.0,5.0,15.0,8.0,2.3333333333333335,,,,,,,,,,,,,,,,,,,,,,,,,,,,,,,,,,,,,,,,,,,,,,,,,,,,,,,,,,,,,,,,,,,,,,,,,,,,,,,,,,,,,,,,,,,,,,,,,,,,,,,,,,,,,,,,,,,,,,,,,,,,,,,,,,,,,,,,,,,,,,,,,,,,,,,,,,,,,,,,,,,,,,,,,,,,,,,,,,,,,,,,,,,,,,,,,,,,,,,,,,,,,,,,,,,,,,,,,,,,,,,,,,,,,,,,,,,,,,,,,,,,,,,,,,,,,,,,,,,,,,,,,,,,,,,,,,,,,,,,,,,,,,,,,,,,,,,,,,,,,,,,,,,,,,,,,,,,,,,,,,,,,,,,,,,,,,,,,,,,,,,,,,,,,,,,,,,,,,,,,,,,,,,,,,,,,,,,,,,,,,,,,,,,,,,,,,,,,,,,,,,,,,,,,,,,,,,,,,,,,,,,,,,,,,,,,,,,,,,,,,,,,,,,,,,,,,,,,,,,,,,,,,,,,,,,,,,,,,,,,,,,,,,,,,,,,,,,,,,,,,,,,,,,,,,,,,,,,,,,,,,,,,,,,,,,,,,,,,,,,,,,,,,,,,,,,,,,,,,,,,,,,,,,,,,,,,,,,,,,,,,,,,,,,,,,,,,,,,,,,,,,,,,,,,,,,,,,,,,,,,,,,,,,,,,,,,,,,,,,,,,,,,,,,,,,,,,,,,,,,,,,,,,,,,,,,,,,,,,,,,,,,,,,,,,,,,,,,,,,,,,,,,,,,,,,,,,,,,,,,,,,,,,,,,,,,,,,,,,,,,,,,,,,,,,,,,,,,,,,,,,,,,,,,,,,,,,,,,,,,,,,,,,,,,,,,,,,,,,,,,,,,,,,,,,,,,,,,,,,,,,,,,,,,,,,,,,,,,,,,,,,,,,,,,,,,,,,,,,,,,,,,,,,,,,,,,,,,,,
17,2020-12-01,22384.0,77.0,1048.0,584.0,1188.0,8582.0,317.0,1453.0,372.0,1223.0,2809.0,2200.0,340.0,3571.0,8.0,165.0,87.0,304.0,1323.0,33.0,216.0,79.0,172.0,500.0,297.0,70.0,1878.0,2.0,57.0,120.0,56.0,677.0,13.0,127.0,29.0,158.0,278.0,199.0,46.0,1986.0,9.0,86.0,38.0,63.0,1084.0,23.0,75.0,25.0,76.0,247.0,126.0,11.0,1344.0,5.0,69.0,26.0,83.0,676.0,12.0,50.0,12.0,84.0,99.0,121.0,21.0,912.0,1.0,28.0,18.0,82.0,341.0,16.0,54.0,21.0,45.0,95.0,120.0,13.0,582.0,5.0,45.0,22.0,42.0,187.0,6.0,44.0,13.0,34.0,49.0,79.0,12.0,484.0,1.0,17.0,24.0,36.0,110.0,9.0,36.0,15.0,17.0,64.0,95.0,5.0,511.0,1.0,25.0,22.0,15.0,256.0,1.0,12.0,15.0,30.0,55.0,52.0,8.0,431.0,2.0,19.0,33.0,21.0,122.0,4.0,15.0,9.0,19.0,49.0,94.0,2.0,235.0,1.0,15.0,6.0,26.0,71.0,9.0,9.0,1.0,11.0,17.0,43.0,4.0,103.0,1.0,1.0,1.0,3.0,47.0,1.0,12.0,2.5,3.0,4.0,14.0,1.6666666666666667,,,,,,,,,,,,,,,,,,,,,,,,,,,,,,,,,,,,,,,,,,,,,,,,,,,,,,,,,,,,,,,,,,,,,,,,,,,,,,,,,,,,,,,,,,,,,,,,,,,,,,,,,,,,,,,,,,,,,,,,,,,,,,,,,,,,,,,,,,,,,,,,,,,,,,,,,,,,,,,,,,,,,,,,,,,,,,,,,,,,,,,,,,,,,,,,,,,,,,,,,,,,,,,,,,,,,,,,,,,,,,,,,,,,,,,,,,,,,,,,,,,,,,,,,,,,,,,,,,,,,,,,,,,,,,,,,,,,,,,,,,,,,,,,,,,,,,,,,,,,,,,,,,,,,,,,,,,,,,,,,,,,,,,,,,,,,,,,,,,,,,,,,,,,,,,,,,,,,,,,,,,,,,,,,,,,,,,,,,,,,,,,,,,,,,,,,,,,,,,,,,,,,,,,,,,,,,,,,,,,,,,,,,,,,,,,,,,,,,,,,,,,,,,,,,,,,,,,,,,,,,,,,,,,,,,,,,,,,,,,,,,,,,,,,,,,,,,,,,,,,,,,,,,,,,,,,,,,,,,,,,,,,,,,,,,,,,,,,,,,,,,,,,,,,,,,,,,,,,,,,,,,,,,,,,,,,,,,,,,,,,,,,,,,,,,,,,,,,,,,,,,,,,,,,,,,,,,,,,,,,,,,,,,,,,,,,,,,,,,,,,,,,,,,,,,,,,,,,,,,,,,,,,,,,,,,,,,,,,,,,,,,,,,,,,,,,,,,,,,,,,,,,,,,,,,,,,,,,,,,,,,,,,,,,,,,,,,,,,,,,,,,,,,,,,,,,,,,,,,,,,,,,,,,,,,,,,,,,,,,,,,,,,,,,,,,,,,,,,,,,,,,,,,,,,,,,,,,,,,,,,,,,,,,,,,,,,,,,,,,,,,,,,,,,,,,,,,,,,,,,,,,,,,,,,,,,,,,,,,
18,2021-01-01,23294.0,130.0,1029.0,685.0,1078.0,8430.0,338.0,1859.0,493.0,1600.0,2715.0,1721.0,486.0,3364.0,9.0,176.0,92.0,297.0,1276.0,30.0,164.0,96.0,163.0,425.0,240.0,56.0,2543.0,11.0,77.0,166.0,75.0,810.0,23.0,225.0,64.0,248.0,382.0,204.0,62.0,2066.0,7.0,73.0,50.0,49.0,1006.0,44.0,104.0,32.0,85.0,223.0,112.0,69.0,1253.0,5.0,48.0,27.0,60.0,611.0,2.0,86.0,18.0,56.0,101.0,84.0,19.0,1005.0,11.0,40.0,53.0,50.0,304.0,11.0,126.0,22.0,88.0,100.0,86.0,12.0,579.0,3.0,41.0,14.0,47.0,179.0,13.0,55.0,11.0,43.0,59.0,51.0,6.0,753.0,7.0,35.0,21.0,31.0,204.0,27.0,54.0,19.0,56.0,74.0,69.0,19.0,440.0,1.25,26.0,6.0,34.0,203.0,3.0,21.0,4.0,32.0,25.0,51.0,5.0,615.0,3.0,46.0,12.0,26.0,152.0,16.0,56.0,18.0,56.0,69.0,84.0,8.0,244.0,1.0,20.0,12.0,20.0,53.0,7.8,10.0,9.0,20.0,31.0,26.0,6.0,139.0,1.25,6.0,2.0,22.0,51.0,1.0,21.0,3.0,4.0,10.0,6.0,1.0,,,,,,,,,,,,,,,,,,,,,,,,,,,,,,,,,,,,,,,,,,,,,,,,,,,,,,,,,,,,,,,,,,,,,,,,,,,,,,,,,,,,,,,,,,,,,,,,,,,,,,,,,,,,,,,,,,,,,,,,,,,,,,,,,,,,,,,,,,,,,,,,,,,,,,,,,,,,,,,,,,,,,,,,,,,,,,,,,,,,,,,,,,,,,,,,,,,,,,,,,,,,,,,,,,,,,,,,,,,,,,,,,,,,,,,,,,,,,,,,,,,,,,,,,,,,,,,,,,,,,,,,,,,,,,,,,,,,,,,,,,,,,,,,,,,,,,,,,,,,,,,,,,,,,,,,,,,,,,,,,,,,,,,,,,,,,,,,,,,,,,,,,,,,,,,,,,,,,,,,,,,,,,,,,,,,,,,,,,,,,,,,,,,,,,,,,,,,,,,,,,,,,,,,,,,,,,,,,,,,,,,,,,,,,,,,,,,,,,,,,,,,,,,,,,,,,,,,,,,,,,,,,,,,,,,,,,,,,,,,,,,,,,,,,,,,,,,,,,,,,,,,,,,,,,,,,,,,,,,,,,,,,,,,,,,,,,,,,,,,,,,,,,,,,,,,,,,,,,,,,,,,,,,,,,,,,,,,,,,,,,,,,,,,,,,,,,,,,,,,,,,,,,,,,,,,,,,,,,,,,,,,,,,,,,,,,,,,,,,,,,,,,,,,,,,,,,,,,,,,,,,,,,,,,,,,,,,,,,,,,,,,,,,,,,,,,,,,,,,,,,,,,,,,,,,,,,,,,,,,,,,,,,,,,,,,,,,,,,,,,,,,,,,,,,,,,,,,,,,,,,,,,,,,,,,,,,,,,,,,,,,,,,,,,,,,,,,,,,,,,,,,,,,,,,,,,,,,,,,,,,,,,,,,,,,,,,,,,,,,,,,,,,,,,,,,,,,,,,,,,,,,,,,,,,,,,,,,,,,
26,2021-02-01,29660.333333333332,270.0,1610.6666666666665,829.6666666666666,1240.6666666666667,10800.666666666666,341.0,2228.3333333333335,512.0,2094.3333333333335,3905.333333333333,2361.3333333333335,588.0,3798.6666666666665,13.333333333333332,193.66666666666666,88.66666666666667,298.6666666666667,1501.0,34.0,181.0,87.33333333333333,185.33333333333334,527.3333333333334,299.6666666666667,59.0,1995.6666666666665,13.666666666666666,62.333333333333336,117.66666666666666,54.66666666666667,640.0,21.0,167.33333333333334,48.0,178.66666666666669,331.3333333333333,161.0,45.33333333333333,2063.3333333333335,7.333333333333333,66.0,44.0,59.0,990.6666666666666,31.666666666666664,87.66666666666667,28.0,89.33333333333333,300.0,110.0,58.0,1213.0,4.666666666666667,63.333333333333336,30.0,52.0,578.0,2.3333333333333335,70.33333333333333,17.333333333333332,61.666666666666664,114.33333333333333,86.0,15.666666666666666,955.6666666666666,15.0,43.0,42.333333333333336,38.0,311.0,12.0,112.33333333333333,17.0,83.33333333333333,99.66666666666667,83.0,11.0,477.6666666666667,3.25,40.0,12.0,35.666666666666664,149.0,10.0,43.666666666666664,9.5,34.666666666666664,49.333333333333336,47.0,4.333333333333333,753.0,7.0,35.0,21.0,31.0,204.0,27.0,54.0,19.0,56.0,74.0,69.0,19.0,487.3333333333333,1.5,27.666666666666668,14.333333333333334,30.333333333333332,210.66666666666666,2.3333333333333335,21.666666666666668,4.666666666666667,34.666666666666664,49.33333333333333,55.666666666666664,8.0,775.3333333333334,9.0,54.0,25.0,30.0,196.66666666666666,16.666666666666668,95.33333333333334,16.0,73.0,87.66666666666667,85.33333333333333,14.0,268.3333333333333,1.0,21.333333333333332,15.0,17.0,70.33333333333333,6.6,11.333333333333334,8.333333333333334,19.333333333333332,34.333333333333336,27.333333333333332,6.0,121.33333333333333,1.5,6.0,2.0,15.0,42.333333333333336,1.3333333333333333,15.0,2.3333333333333335,7.333333333333334,11.333333333333334,6.333333333333333,1.0,,,,,,,,,,,,,,,,,,,,,,,,,,,,,,,,,,,,,,,,,,,,,,,,,,,,,,,,,,,,,,,,,,,,,,,,,,,,,,,,,,,,,,,,,,,,,,,,,,,,,,,,,,,,,,,,,,,,,,,,,,,,,,,,,,,,,,,,,,,,,,,,,,,,,,,,,,,,,,,,,,,,,,,,,,,,,,,,,,,,,,,,,,,,,,,,,,,,,,,,,,,,,,,,,,,,,,,,,,,,,,,,,,,,,,,,,,,,,,,,,,,,,,,,,,,,,,,,,,,,,,,,,,,,,,,,,,,,,,,,,,,,,,,,,,,,,,,,,,,,,,,,,,,,,,,,,,,,,,,,,,,,,,,,,,,,,,,,,,,,,,,,,,,,,,,,,,,,,,,,,,,,,,,,,,,,,,,,,,,,,,,,,,,,,,,,,,,,,,,,,,,,,,,,,,,,,,,,,,,,,,,,,,,,,,,,,,,,,,,,,,,,,,,,,,,,,,,,,,,,,,,,,,,,,,,,,,,,,,,,,,,,,,,,,,,,,,,,,,,,,,,,,,,,,,,,,,,,,,,,,,,,,,,,,,,,,,,,,,,,,,,,,,,,,,,,,,,,,,,,,,,,,,,,,,,,,,,,,,,,,,,,,,,,,,,,,,,,,,,,,,,,,,,,,,,,,,,,,,,,,,,,,,,,,,,,,,,,,,,,,,,,,,,,,,,,,,,,,,,,,,,,,,,,,,,,,,,,,,,,,,,,,,,,,,,,,,,,,,,,,,,,,,,,,,,,,,,,,,,,,,,,,,,,,,,,,,,,,,,,,,,,,,,,,,,,,,,,,,,,,,,,,,,,,,,,,,,,,,,,,,,,,,,,,,,,,,,,,,,,,,,,,,,,,,,,,,,,,,,,,,,,,,,,,,,,,,,,,,,,,,,,,,,,,,,,,,,,,,,,,,,,,,,,,,,,,,,,,,,
19,2021-03-01,36026.666666666664,410.0,2192.333333333333,974.3333333333333,1403.3333333333333,13171.333333333332,344.0,2597.6666666666665,531.0,2588.6666666666665,5095.666666666666,3001.666666666667,690.0,4233.333333333333,17.666666666666664,211.33333333333334,85.33333333333333,300.3333333333333,1726.0,38.0,198.0,78.66666666666667,207.66666666666666,629.6666666666666,359.3333333333333,62.0,1448.3333333333333,16.333333333333332,47.66666666666667,69.33333333333333,34.333333333333336,470.0,19.0,109.66666666666667,32.0,109.33333333333334,280.6666666666667,118.0,28.666666666666664,2060.6666666666665,7.666666666666667,59.0,38.0,69.0,975.3333333333334,19.333333333333332,71.33333333333334,24.0,93.66666666666667,377.0,108.0,47.0,1173.0,4.333333333333333,78.66666666666667,33.0,44.0,545.0,2.6666666666666665,54.66666666666667,16.666666666666668,67.33333333333333,127.66666666666667,88.0,12.333333333333332,906.3333333333334,19.0,46.0,31.666666666666668,26.0,318.0,13.0,98.66666666666667,12.0,78.66666666666667,99.33333333333333,80.0,10.0,376.33333333333337,3.5,39.0,10.0,24.333333333333332,119.0,7.0,32.33333333333333,8.0,26.333333333333332,39.66666666666667,43.0,2.6666666666666665,753.0,7.0,35.0,21.0,31.0,204.0,27.0,54.0,19.0,56.0,74.0,69.0,19.0,534.6666666666666,1.75,29.333333333333332,22.666666666666668,26.666666666666668,218.33333333333334,1.6666666666666667,22.333333333333332,5.333333333333333,37.333333333333336,73.66666666666666,60.333333333333336,11.0,935.6666666666667,15.0,62.0,38.0,34.0,241.33333333333331,17.333333333333332,134.66666666666669,14.0,90.0,106.33333333333334,86.66666666666667,20.0,292.6666666666667,1.0,22.666666666666668,18.0,14.0,87.66666666666666,5.4,12.666666666666666,7.666666666666667,18.666666666666668,37.666666666666664,28.666666666666668,6.0,103.66666666666666,1.75,6.0,2.0,8.0,33.66666666666667,1.6666666666666665,9.0,1.6666666666666667,10.666666666666668,12.666666666666666,6.666666666666667,1.0,,,,,,,,,,,,,,,,,,,,,,,,,,,,,,,,,,,,,,,,,,,,,,,,,,,,,,,,,,,,,,,,,,,,,,,,,,,,,,,,,,,,,,,,,,,,,,,,,,,,,,,,,,,,,,,,,,,,,,,,,,,,,,,,,,,,,,,,,,,,,,,,,,,,,,,,,,,,,,,,,,,,,,,,,,,,,,,,,,,,,,,,,,,,,,,,,,,,,,,,,,,,,,,,,,,,,,,,,,,,,,,,,,,,,,,,,,,,,,,,,,,,,,,,,,,,,,,,,,,,,,,,,,,,,,,,,,,,,,,,,,,,,,,,,,,,,,,,,,,,,,,,,,,,,,,,,,,,,,,,,,,,,,,,,,,,,,,,,,,,,,,,,,,,,,,,,,,,,,,,,,,,,,,,,,,,,,,,,,,,,,,,,,,,,,,,,,,,,,,,,,,,,,,,,,,,,,,,,,,,,,,,,,,,,,,,,,,,,,,,,,,,,,,,,,,,,,,,,,,,,,,,,,,,,,,,,,,,,,,,,,,,,,,,,,,,,,,,,,,,,,,,,,,,,,,,,,,,,,,,,,,,,,,,,,,,,,,,,,,,,,,,,,,,,,,,,,,,,,,,,,,,,,,,,,,,,,,,,,,,,,,,,,,,,,,,,,,,,,,,,,,,,,,,,,,,,,,,,,,,,,,,,,,,,,,,,,,,,,,,,,,,,,,,,,,,,,,,,,,,,,,,,,,,,,,,,,,,,,,,,,,,,,,,,,,,,,,,,,,,,,,,,,,,,,,,,,,,,,,,,,,,,,,,,,,,,,,,,,,,,,,,,,,,,,,,,,,,,,,,,,,,,,,,,,,,,,,,,,,,,,,,,,,,,,,,,,,,,,,,,,,,,,,,,,,,,,,,,,,,,,,,,,,,,,,,,,,,,,,,,,,,,,,,,,,,,,,,,,,,,,,,,,,,,,,,,,,,,,,
20,2021-04-01,42393.0,550.0,2774.0,1119.0,1566.0,15542.0,347.0,2967.0,550.0,3083.0,6286.0,3642.0,792.0,4668.0,22.0,229.0,82.0,302.0,1951.0,42.0,215.0,70.0,230.0,732.0,419.0,65.0,901.0,19.0,33.0,21.0,14.0,300.0,17.0,52.0,16.0,40.0,230.0,75.0,12.0,2058.0,8.0,52.0,32.0,79.0,960.0,7.0,55.0,20.0,98.0,454.0,106.0,36.0,1133.0,4.0,94.0,36.0,36.0,512.0,3.0,39.0,16.0,73.0,141.0,90.0,9.0,857.0,23.0,49.0,21.0,14.0,325.0,14.0,85.0,7.0,74.0,99.0,77.0,9.0,275.0,3.75,38.0,8.0,13.0,89.0,4.0,21.0,6.5,18.0,30.0,39.0,1.0,753.0,7.0,35.0,21.0,31.0,204.0,27.0,54.0,19.0,56.0,74.0,69.0,19.0,582.0,2.0,31.0,31.0,23.0,226.0,1.0,23.0,6.0,40.0,98.0,65.0,14.0,1096.0,21.0,70.0,51.0,38.0,286.0,18.0,174.0,12.0,107.0,125.0,88.0,26.0,317.0,1.0,24.0,21.0,11.0,105.0,4.2,14.0,7.0,18.0,41.0,30.0,6.0,86.0,2.0,6.0,2.0,1.0,25.0,2.0,3.0,1.0,14.0,14.0,7.0,1.0,1630.0,247.0,1615.0,7.0,167.0,12.0,40.0,152.0,277.0,19.0,165.0,8.0,184.0,1328.0,274.0,46.0,227.0,100.0,8.0,1373.0,864.0,1105.0,69.0,3.0,182.0,2.0,553.0,171.0,118.0,556.0,114.0,1.0,6.0,89.0,208.0,75.0,465.0,26.0,6.0,260.0,345.0,182.0,6.0,11.0,21.0,22.0,2.0,9.0,87.0,12.0,14.0,3.0,488.0,6.0,5.0,17.0,18.0,186.0,14.0,5.0,485.0,1.0,102.0,34.0,35.0,2.0,67.0,140.0,65.0,1.0,24.0,44.0,810.0,98.0,12.0,7.0,133.0,,11.0,4.0,35.0,4.0,4.0,3.0,,8.0,,3.0,1.0,7.0,6.0,1.0,5.0,1.0,7.0,,4.0,,5.0,7.0,1.0,2.0,5.0,,,4.0,,3.0,3.0,,,,,,8.0,1.0,3.0,,1.0,,,4.0,,,70.0,10.0,49.0,8.0,1.0,3.0,8.0,25.0,6.0,4.0,2.0,9.0,78.0,3.0,,20.0,5.0,83.0,8.0,105.0,2.0,20.0,38.0,7.0,5.0,40.0,,,6.0,12.0,2.0,38.0,2.0,23.0,15.0,5.0,1.0,6.0,,,8.0,1.0,4.0,1.0,1.0,12.0,,22.0,,6.0,,,6.0,39.0,1.0,3.0,2.0,29.0,9.0,,,1.0,2.0,,,3.0,,,,,,,70.0,16.0,14.0,,3.0,,,1.0,9.0,1.0,,,7.0,43.0,17.0,,4.0,2.0,,24.0,7.0,7.0,1.0,,6.0,,9.0,5.0,1.0,9.0,5.0,,,1.0,6.0,2.0,25.0,1.0,,8.0,13.0,,,1.0,1.0,,2.0,,,67.0,3.0,3.0,,4.0,1.0,,10.0,1.0,4.0,3.0,1.0,,,52.0,4.0,27.0,,5.0,,,2.0,19.0,5.0,,8.0,62.0,3.0,,,1.0,,98.0,12.0,26.0,1.0,4.0,2.0,7.0,5.0,4.0,5.0,5.0,8.0,15.0,2.0,,13.0,3.0,1.0,,,,1.0,,,,4.0,,,,1.0,,,8.0,,1.0,,2.0,,2.0,10.0,1.0,,2.0,1.0,11.0,2.0,425.0,34.0,829.0,4.0,36.0,2.0,22.0,31.0,121.0,4.0,75.0,4.0,59.0,406.0,77.0,19.0,70.0,54.0,3.0,521.0,400.0,692.0,23.0,1.0,44.0,133.0,45.0,20.0,111.0,36.0,3.0,37.0,82.0,22.0,90.0,1.0,3.0,165.0,82.0,52.0,1.0,4.0,1.0,11.0,1.0,4.0,33.0,8.0,6.0,,154.0,2.0,4.0,7.0,6.0,75.0,7.0,,240.0,16.0,7.0,9.0,10.0,38.0,31.0,4.0,25.0,387.0,56.0,12.0,6.0,5.0,2.0,2.0,1.0,3.0,,,1.0,11.0,3.0,,,,13.0,5.0,6.0,,,,4.0,2.0,4.0,5.0,2.0,,,,2.0,5.0,,,,4.0,1.0,,,3.0,,6.0,2.0,3.0,1.0,,,6.0,98.0,16.0,70.0,17.0,,,21.0,5.0,1.0,6.0,1.0,7.0,76.0,14.0,3.0,26.0,4.0,,76.0,79.0,15.0,4.0,,4.0,23.0,10.0,4.0,16.0,10.0,,1.0,2.0,16.0,8.0,52.0,5.0,8.0,51.0,13.0,,,3.0,,7.0,18.0,,10.0,,23.0,,27.0,2.0,2.0,23.0,5.0,,1.0,1.0,10.0,1.0,22.0,4.0,19.0,,,,1.0,,6.0,,8.0,28.0,4.0,,2.0,,,27.0,9.0,2.0,4.0,,4.0,,27.0,2.0,1.0,13.0,4.0,,,,9.0,17.0,,2.0,10.0,1.0,,,,,,,,5.0,,,,,6.0,2.0,1.0,,1.0,2.0,,,6.0,,134.0,51.0,68.0,,22.0,1.0,2.0,10.0,23.0,4.0,8.0,,5.0,123.0,20.0,2.0,16.0,15.0,1.0,99.0,72.0,52.0,6.0,48.0,19.0,19.0,166.0,2.0,,7.0,18.0,4.0,31.0,4.0,1.0,11.0,19.0,20.0,3.0,,4.0,2.0,3.0,6.0,3.0,1.0,19.0,3.0,19.0,1.0,15.0,15.0,1.0,3.0,6.0,5.0,6.0,2.0,2.0,119.0,3.0,415.0,44.0,358.0,2.0,9.0,4.0,9.0,9.0,28.0,1.0,39.0,1.0,11.0,236.0,68.0,6.0,18.0,9.0,4.0,177.0,132.0,83.0,9.0,2.0,32.0,2.0,106.0,23.0,16.0,59.0,12.0,1.0,2.0,7.0,18.0,17.0,39.0,4.0,1.0,17.0,41.0,31.0,1.0,3.0,6.0,2.0,1.0,1.0,6.0,1.0,2.0,3.0,65.0,4.0,1.0,2.0,5.0,18.0,6.0,3.0,97.0,1.0,19.0,3.0,6.0,2.0,8.0,11.0,6.0,1.0,7.0,2.0,95.0,6.0,172.0,12.0,51.0,25.0,,2.0,27.0,8.0,,9.0,,17.0,141.0,45.0,4.0,21.0,1.0,,119.0,41.0,61.0,17.0,28.0,76.0,23.0,15.0,62.0,29.0,,8.0,21.0,4.0,44.0,,7.0,45.0,41.0,1.0,,3.0,1.0,13.0,,111.0,1.0,29.0,1.0,21.0,5.0,9.0,1.0,,5.0,6.0,16.0,1.0,7.0,90.0,10.0,27.0,18.0,58.0,,3.0,2.0,,13.0,3.0,1.0,1.0,,12.0,30.0,2.0,,1.0,,,31.0,41.0,1.0,,,,,23.0,21.0,2.0,15.0,4.0,,,,9.0,15.0,,,1.0,11.0,7.0,,,,,,,,,2.0,,2.0,,,,,,,,15.0,,4.0,3.0,,,2.0,6.0,,,,22.0,,,5.0,,2.0,,8.0,1.0,18.0,2.0,5.0,,7.0,4.0,2.0,,22.0,1.0,2.0,1.0,1.0,3.0,3.0,1.0,3.0,1.0,1.0,,1.0,1.0,1.0,,4.0,1.0,,,,,,,,1.0,4.0,3.0,,,,,2.0,,,,,,
21,2021-05-01,42520.0,618.0,3080.0,1741.0,2280.0,13859.0,459.0,2649.0,558.0,2334.0,5338.0,3729.0,1127.0,4109.0,24.0,202.0,157.0,256.0,1800.0,37.0,158.0,29.0,222.0,481.0,423.0,56.0,677.0,7.0,42.0,32.0,28.0,186.0,7.0,54.0,13.0,35.0,119.0,92.0,9.0,1820.0,10.0,64.0,46.0,59.0,846.0,9.0,78.0,15.0,63.0,373.0,107.0,28.0,1177.0,7.0,88.0,59.0,67.0,526.0,19.0,57.0,7.0,42.0,81.0,100.0,18.0,921.0,20.0,78.0,47.0,22.0,344.0,10.0,50.0,10.0,48.0,99.0,57.0,41.0,320.0,4.0,31.0,16.0,16.0,99.0,1.0,11.0,5.0,18.0,43.0,14.0,9.0,753.0,7.0,35.0,21.0,31.0,204.0,27.0,54.0,19.0,56.0,74.0,69.0,19.0,493.0,3.0,29.0,19.0,56.0,172.0,4.0,42.0,2.0,25.0,72.0,26.0,8.0,1170.0,39.0,95.0,56.0,54.0,300.0,24.0,57.0,25.0,106.0,122.0,121.0,47.0,370.0,7.0,19.0,9.0,32.0,92.0,3.0,4.0,16.0,49.0,46.0,41.0,5.0,91.0,2.0,14.0,3.0,2.0,32.0,4.0,8.0,1.0,1.0,9.0,9.0,1.0,1507.0,355.0,1727.0,7.0,165.0,10.0,35.0,245.0,329.0,66.0,109.0,17.0,171.0,944.0,351.0,85.0,227.0,195.0,21.0,2177.0,874.0,833.0,55.0,12.0,222.0,3.0,447.0,132.0,94.0,685.0,140.0,5.0,34.0,123.0,205.0,75.0,711.0,21.0,17.0,304.0,540.0,131.0,9.0,10.25,46.0,20.0,7.0,10.0,105.0,4.0,14.0,5.0,382.0,3.0,2.0,19.0,18.0,261.0,9.0,3.0,317.0,5.0,80.0,126.0,95.0,2.0,49.0,161.0,55.0,6.0,40.0,41.0,664.0,27.0,30.0,3.0,171.0,2.0,4.0,27.0,3.0,17.0,11.0,5.0,3.0,16.0,1.0,1.0,2.0,5.0,4.0,4.0,4.0,1.0,10.0,4.0,1.0,3.0,5.0,11.0,6.0,2.0,17.0,8.0,3.0,1.0,8.0,9.0,1.0,4.0,4.0,,2.0,2.0,13.0,9.0,2.0,4.0,2.0,2.0,2.0,1.0,2.0,4.0,44.0,48.0,50.0,13.0,1.0,2.0,10.0,17.0,3.0,7.0,1.0,6.0,61.0,8.0,1.0,3.0,3.0,62.0,16.0,74.0,5.0,12.0,5.0,7.0,5.0,27.0,4.0,,1.0,1.0,2.0,40.0,3.0,25.0,36.0,7.0,1.0,3.0,3.0,2.0,8.0,1.0,11.0,9.0,1.0,54.0,1.0,6.0,1.0,6.0,2.0,4.0,1.0,10.0,1.0,1.0,1.0,26.0,1.0,1.0,1.0,1.0,2.0,1.0,1.0,1.0,2.0,3.0,7.0,1.0,2.0,1.0,94.0,2.0,45.0,1.0,3.0,,2.0,6.0,22.0,4.0,8.0,,1.0,22.0,49.0,2.0,7.0,1.0,,26.0,7.0,49.0,2.0,,2.0,,12.0,18.0,1.0,20.0,5.0,,1.0,2.5,16.0,2.0,44.0,1.0,2.0,9.0,21.0,1.0,2.0,1.5,3.0,,4.0,1.0,3.0,63.0,1.0,18.0,,16.0,6.0,,3.0,1.0,9.0,2.5,1.5,3.0,1.0,46.0,11.0,45.0,1.0,5.0,1.0,3.0,9.0,12.0,3.0,2.0,13.0,54.0,16.0,5.0,22.0,1.0,1.0,162.0,17.0,34.0,30.0,14.0,6.0,7.0,27.0,3.5,2.0,7.0,8.0,26.0,2.0,13.0,17.0,6.0,3.0,2.0,1.0,1.0,10.0,1.0,1.0,1.0,23.0,1.0,1.0,1.0,4.0,1.0,1.0,22.0,1.0,1.0,2.0,4.0,1.0,1.0,11.0,2.0,1.0,2.0,2.5,37.0,5.0,388.0,57.0,775.0,2.0,29.0,2.0,14.0,57.0,201.0,15.0,34.0,4.0,57.0,287.0,64.0,12.0,34.0,57.0,15.0,385.0,371.0,438.0,10.0,2.0,60.0,123.0,27.0,24.0,235.0,18.0,19.0,31.0,71.0,22.0,155.0,5.0,3.0,115.0,130.0,37.0,1.0,4.0,19.0,5.0,3.0,2.0,29.0,6.0,2.0,2.0,110.0,2.0,4.0,4.0,6.0,62.0,3.0,,152.0,23.0,26.0,17.0,13.0,86.0,27.0,8.0,16.0,304.0,8.0,7.0,4.0,11.0,6.0,1.0,1.0,3.0,2.0,1.0,1.0,7.0,13.0,2.0,2.0,1.0,3.0,5.0,7.5,3.0,2.0,1.0,3.0,6.0,2.0,12.0,1.0,1.0,1.0,1.0,8.0,6.0,2.0,1.0,1.0,5.0,2.0,1.0,1.0,9.0,2.0,3.0,2.0,3.0,1.0,2.0,1.0,18.0,91.0,34.0,69.0,19.0,1.0,1.0,39.0,5.0,1.0,2.0,1.0,10.0,32.0,6.0,3.0,17.0,11.0,1.0,61.0,61.0,45.0,8.0,4.0,36.0,27.0,3.0,15.0,23.0,4.0,2.0,2.0,8.0,9.0,8.0,37.0,1.0,8.0,29.0,8.0,1.0,3.0,2.5,2.0,1.0,35.0,1.0,15.0,2.0,21.0,2.0,14.0,20.0,3.0,3.0,6.0,5.0,1.0,1.0,21.0,1.0,10.0,8.0,18.0,1.0,,1.0,5.0,3.0,1.0,1.0,4.0,7.0,15.0,5.0,5.0,4.0,1.0,3.0,29.0,11.0,4.0,2.0,4.0,1.0,3.0,2.0,1.0,30.0,4.0,1.0,1.0,4.0,5.0,21.0,1.0,2.0,7.0,1.0,2.0,2.0,1.0,3.0,1.0,1.0,1.0,2.0,1.0,1.0,4.0,2.0,8.0,2.0,2.0,10.0,1.5,7.5,1.0,1.0,1.0,1.0,129.0,20.0,20.0,1.0,5.0,1.0,1.5,22.0,9.0,6.0,8.0,2.0,9.0,71.0,13.0,6.0,10.0,27.0,1.0,86.0,98.0,23.0,2.0,54.0,2.0,4.0,60.0,16.0,2.0,11.0,9.0,4.0,53.0,4.0,1.0,39.0,38.0,16.0,3.0,,1.0,1.0,3.0,10.0,3.0,1.0,16.0,1.0,7.0,1.0,17.0,2.0,8.0,7.0,4.0,2.0,1.0,4.0,3.0,49.0,2.0,400.0,68.0,487.0,2.0,14.0,2.5,2.0,30.0,14.0,10.0,12.0,4.0,7.0,154.0,51.0,9.0,47.0,27.0,4.0,151.0,97.0,42.0,1.0,2.0,37.0,2.0,68.0,20.0,11.0,124.0,14.0,1.0,2.0,9.0,20.0,17.0,65.0,6.0,3.0,12.0,52.0,10.0,1.0,3.0,6.0,2.0,1.0,1.0,12.0,1.0,2.0,3.0,44.0,4.0,1.0,2.0,5.0,26.0,6.0,3.0,27.0,1.0,9.0,20.0,4.0,2.0,2.0,7.0,6.0,3.0,7.0,1.0,114.0,6.0,184.0,44.0,68.0,25.0,2.0,2.0,18.0,10.0,8.0,19.0,4.0,20.0,115.0,85.0,32.0,51.0,8.0,1.0,123.0,106.0,44.0,7.0,15.0,68.0,9.0,4.0,60.0,45.0,4.0,16.0,6.0,4.0,67.0,4.0,27.0,27.0,27.0,1.0,1.0,3.0,2.0,13.0,3.0,35.0,1.0,22.0,1.0,19.0,5.0,10.0,8.0,,3.0,3.0,2.0,3.0,8.0,48.0,2.0,21.0,20.0,19.0,,15.0,2.0,1.0,9.0,8.0,3.0,1.0,,3.0,34.0,8.0,2.0,5.0,40.0,,28.0,21.0,8.0,,,9.0,,15.0,2.0,5.0,8.0,4.0,,,13.0,8.0,26.0,,,9.0,30.0,1.0,,,,,,,4.0,,2.0,,11.0,,,,,1.0,,,13.0,,4.0,5.0,17.0,,1.0,5.0,4.0,1.0,1.0,10.0,2.0,1.0,5.0,1.0,2.0,1.0,3.0,12.0,11.0,1.0,1.0,2.0,10.0,4.0,2.0,1.0,8.0,1.0,1.0,1.0,2.0,5.0,4.0,1.0,7.0,1.0,14.0,,16.0,1.0,1.0,2.0,3.0,6.0,2.0,1.0,2.0,,2.0,,,1.0,4.0,3.0,2.0,,,1.0,2.0,6.0,2.0,2.0,6.0,1.0,2.0
22,2021-06-01,24669.0,190.0,1197.0,1133.0,710.0,5092.0,246.0,897.0,331.0,739.0,2269.0,1638.0,550.0,1805.0,8.0,95.0,46.0,77.0,440.0,7.0,96.0,25.0,54.0,205.0,209.0,59.0,343.0,16.0,21.0,13.0,11.0,90.0,3.0,33.0,3.0,21.0,67.0,20.0,12.0,624.0,2.0,27.0,20.0,9.0,245.0,7.0,23.0,28.0,21.0,156.0,18.0,7.0,576.0,1.0,56.0,71.0,26.0,174.0,7.0,10.0,17.0,28.0,63.0,36.0,9.0,352.0,8.0,35.0,21.0,1.0,116.0,10.0,21.0,3.0,11.0,18.0,30.0,18.0,128.0,1.0,3.0,11.0,11.0,25.0,2.0,6.0,1.0,6.0,11.0,35.0,3.0,753.0,7.0,35.0,21.0,31.0,204.0,27.0,54.0,19.0,56.0,74.0,69.0,19.0,217.0,3.0,4.0,25.0,4.0,45.0,4.0,5.0,4.0,24.0,13.0,39.0,4.0,508.0,22.0,43.0,22.0,18.0,91.0,4.0,18.0,3.0,22.0,58.0,45.0,14.0,251.0,1.0,20.0,14.0,3.0,61.0,3.0,3.0,3.0,16.0,16.0,41.0,4.0,51.0,2.0,4.0,1.0,1.0,9.0,4.0,2.0,1.0,3.0,3.0,3.0,1.0,576.0,127.0,710.0,7.0,60.0,7.0,20.0,125.0,170.0,24.0,24.0,6.0,60.0,420.0,133.0,16.0,108.0,43.0,3.0,2643.0,354.0,404.0,26.0,2.0,63.0,3.0,385.0,113.0,90.0,316.0,163.0,2.0,5.0,63.0,83.0,75.0,320.0,10.0,4.0,149.0,233.0,68.0,2.0,9.5,19.0,15.0,1.0,9.0,23.0,4.0,9.0,4.0,158.0,3.0,2.0,7.0,18.0,87.0,1.0,3.0,162.0,5.0,38.0,34.0,51.0,2.0,22.0,74.0,12.0,6.0,26.0,28.0,320.0,31.0,2.0,3.0,36.0,3.0,2.0,10.0,2.0,5.0,11.0,5.0,3.0,1.0,1.0,1.0,2.0,3.0,5.0,5.0,4.0,1.0,10.0,4.0,1.0,3.0,2.0,6.0,6.0,2.0,7.0,8.0,3.0,1.0,8.0,3.0,1.0,4.0,4.0,1.0,2.0,2.0,13.0,9.0,2.0,4.0,2.0,2.0,2.0,1.0,2.0,4.0,43.0,21.0,14.0,13.0,1.0,5.0,8.0,11.0,3.0,3.0,1.0,2.0,15.0,4.0,2.0,1.0,6.0,37.0,5.0,33.0,2.0,12.0,20.0,4.0,3.0,13.0,5.0,1.0,17.0,1.0,2.0,10.0,4.0,20.0,2.0,3.0,1.0,1.0,1.0,2.0,3.0,1.0,3.0,9.0,1.0,38.0,1.0,6.0,1.0,5.0,2.0,4.0,7.0,1.0,2.0,8.0,2.0,4.0,1.0,1.0,1.0,1.0,2.0,1.0,1.0,1.0,2.0,3.0,7.0,1.0,2.0,1.0,22.0,3.0,19.0,1.0,11.0,5.0,4.0,7.0,14.0,4.0,8.0,2.0,4.0,9.0,9.0,2.0,17.0,2.0,1.0,28.0,5.0,28.0,2.0,1.0,4.0,1.0,13.0,1.0,2.0,16.0,1.0,1.0,2.0,4.0,5.0,2.0,8.0,1.0,1.0,7.0,2.0,2.0,1.0,2.0,5.0,1.0,5.0,1.0,2.0,42.0,6.0,3.0,2.0,3.0,1.0,3.0,1.0,2.0,1.0,2.0,2.0,1.0,26.0,30.0,3.0,2.0,1.0,5.0,1.0,2.0,3.0,8.0,3.0,2.0,2.0,25.0,8.0,5.0,22.0,1.0,1.0,18.0,17.0,6.0,1.0,14.0,6.0,1.0,17.0,3.0,2.0,7.0,8.0,26.0,2.0,13.0,17.0,1.0,3.0,2.0,1.0,1.0,10.0,1.0,1.0,1.0,1.0,1.0,1.0,1.0,2.0,1.0,1.0,1.0,1.0,1.0,2.0,4.0,1.0,1.0,2.0,1.0,1.0,2.0,4.0,9.0,5.0,130.0,29.0,229.0,2.0,16.0,2.0,5.0,54.0,84.0,4.0,11.0,4.0,19.0,106.0,51.0,1.0,19.0,17.0,15.0,176.0,211.0,154.0,9.0,1.0,20.0,75.0,25.0,11.0,113.0,23.0,2.0,10.0,24.0,22.0,66.0,1.0,3.0,38.0,38.0,20.0,1.0,4.0,8.0,3.0,1.0,5.0,4.0,4.0,7.0,3.0,59.0,2.0,4.0,4.0,6.0,10.0,1.0,1.0,50.0,14.0,3.0,17.0,8.0,17.0,4.0,4.0,11.0,87.0,1.0,8.0,4.0,7.0,6.0,1.0,8.0,3.0,2.0,1.0,1.0,8.0,13.0,2.0,2.0,1.0,14.0,5.0,9.0,3.0,2.0,1.0,8.0,6.0,1.0,1.0,1.0,1.0,1.0,1.0,1.0,6.0,2.0,1.0,2.0,36.0,2.0,1.0,1.0,9.0,2.0,3.0,2.0,3.0,1.0,2.0,1.0,2.0,17.0,16.0,7.0,2.0,1.0,1.0,2.0,5.0,1.0,4.0,1.0,10.0,35.0,2.0,2.0,17.0,2.0,1.0,31.0,13.0,14.0,3.0,4.0,4.0,14.0,3.0,1.0,15.0,3.0,2.0,2.0,4.0,4.0,8.0,17.0,1.0,2.0,7.0,8.0,1.0,3.0,2.0,2.0,2.0,4.0,1.0,2.0,2.0,20.0,2.0,5.0,3.0,3.0,1.0,6.0,1.0,1.0,4.0,6.0,1.0,6.0,8.0,16.0,1.0,2.0,1.0,5.0,2.0,1.0,1.0,1.0,18.0,2.0,2.0,5.0,4.0,1.0,23.0,15.0,3.0,4.0,2.0,3.0,1.0,27.0,2.0,7.0,30.0,4.0,1.0,1.0,4.0,3.0,2.0,1.0,2.0,17.0,1.0,3.0,2.0,1.0,3.0,1.0,1.0,1.0,2.0,1.0,1.0,4.0,2.0,10.0,2.0,2.0,10.0,2.0,13.0,1.0,1.0,1.0,1.0,40.0,1.0,18.0,1.0,5.0,1.0,1.0,22.0,21.0,6.0,8.0,2.0,3.0,21.0,12.0,6.0,3.0,4.0,1.0,17.0,29.0,10.0,4.0,16.0,6.0,6.0,14.0,1.0,1.0,11.0,3.0,4.0,10.0,4.0,1.0,20.0,6.0,4.0,3.0,,1.0,1.0,3.0,1.0,3.0,1.0,1.0,1.0,1.0,1.0,11.0,2.0,2.0,5.0,4.0,2.0,1.0,4.0,2.0,16.0,2.0,144.0,16.0,267.0,2.0,1.0,1.0,1.0,10.0,6.0,3.0,12.0,4.0,2.0,57.0,6.0,2.0,16.0,2.0,4.0,100.0,28.0,8.0,1.0,2.0,18.0,2.0,46.0,18.0,4.0,32.0,9.0,1.0,2.0,5.0,20.0,17.0,47.0,1.0,3.0,9.0,29.0,17.0,1.0,3.0,6.0,2.0,1.0,1.0,1.0,1.0,2.0,3.0,24.0,4.0,1.0,2.0,5.0,6.0,6.0,3.0,29.0,1.0,9.0,1.0,1.0,2.0,2.0,2.0,6.0,3.0,10.0,1.0,52.0,6.0,69.0,17.0,87.0,4.0,2.0,2.0,14.0,5.0,9.0,4.0,4.0,6.0,81.0,18.0,32.0,9.0,7.0,1.0,89.0,25.0,38.0,7.0,15.0,15.0,4.0,10.0,46.0,13.0,4.0,8.0,4.0,4.0,8.0,4.0,13.0,7.0,15.0,1.0,2.0,1.0,3.0,3.0,3.0,13.0,1.0,9.0,1.0,5.0,5.0,4.0,9.0,2.0,3.0,8.0,4.0,3.0,2.0,31.0,3.0,19.0,4.0,29.0,,8.0,2.0,1.0,5.0,7.0,1.0,1.0,4.0,3.0,15.0,11.0,2.0,5.0,3.0,1.0,17.0,4.0,4.0,3.0,,1.0,1.0,7.0,3.0,7.0,4.0,4.0,,,5.0,9.0,13.0,2.0,,1.0,6.0,1.0,,,1.0,,,,4.0,,2.0,,3.0,,,,,6.0,,,7.0,,4.0,2.0,3.0,,2.0,3.0,4.0,2.0,1.0,3.0,2.0,1.0,5.0,1.0,2.0,1.0,3.0,12.0,3.0,2.0,1.0,1.0,1.0,4.0,2.0,1.0,1.0,1.0,3.0,1.0,2.0,1.0,4.0,1.0,4.0,1.0,1.0,1.0,16.0,1.0,1.0,2.0,3.0,1.0,1.0,1.0,2.0,2.0,2.0,1.0,2.0,1.0,4.0,3.0,2.0,2.0,2.0,1.0,2.0,6.0,2.0,2.0,6.0,1.0,2.0
23,2021-07-01,4550.0,128.33333333333334,808.6666666666667,1133.0,710.0,4.0,246.0,897.0,331.0,739.0,2269.0,1638.0,550.0,111.0,8.0,95.0,46.0,77.0,293.66666666666663,7.0,96.0,25.0,54.0,205.0,209.0,59.0,27.0,16.0,21.0,13.0,11.0,90.0,3.0,33.0,3.0,21.0,67.0,20.0,12.0,121.0,2.0,27.0,20.0,9.0,245.0,7.0,23.0,28.0,21.0,156.0,18.0,7.0,9.0,1.0,56.0,71.0,26.0,174.0,7.0,10.0,17.0,28.0,63.0,36.0,9.0,89.0,8.0,35.0,21.0,1.0,116.0,10.0,21.0,3.0,11.0,18.0,30.0,18.0,27.0,1.0,3.0,11.0,11.0,25.0,2.0,6.0,1.0,6.0,11.0,35.0,3.0,753.0,7.0,35.0,21.0,31.0,204.0,27.0,54.0,19.0,56.0,74.0,69.0,19.0,9.0,3.0,4.0,25.0,4.0,45.0,4.0,5.0,4.0,24.0,13.0,39.0,4.0,28.0,22.0,43.0,22.0,18.0,91.0,4.0,18.0,3.0,22.0,58.0,45.0,14.0,9.0,1.0,20.0,14.0,3.0,61.0,3.0,3.0,3.0,16.0,16.0,41.0,4.0,89.0,2.0,4.0,1.0,1.0,9.0,4.0,2.0,1.0,3.0,3.0,3.0,1.0,576.0,127.0,710.0,7.0,60.0,7.0,20.0,125.0,50.0,24.0,24.0,6.0,60.0,420.0,133.0,16.0,94.0,43.0,3.0,1783.0,354.0,28.0,26.0,2.0,63.0,3.0,385.0,9.0,1.0,316.0,28.0,2.0,5.0,63.0,83.0,75.0,320.0,10.0,4.0,38.0,233.0,68.0,2.0,8.75,19.0,15.0,1.0,9.0,23.0,4.0,9.0,4.0,158.0,3.0,2.0,7.0,18.0,87.0,1.0,3.0,162.0,5.0,38.0,34.0,51.0,2.0,22.0,60.5,12.0,6.0,26.0,28.0,148.0,31.0,2.0,3.0,36.0,3.0,2.0,10.0,2.0,5.0,11.0,5.0,3.0,1.0,1.0,1.0,2.0,3.0,5.0,5.0,4.0,1.0,10.0,4.0,1.0,3.0,2.0,6.0,6.0,2.0,7.0,8.0,3.0,1.0,8.0,3.0,1.0,4.0,4.0,1.0,2.0,2.0,13.0,9.0,2.0,4.0,2.0,2.0,2.0,1.0,2.0,4.0,43.0,21.0,14.0,13.0,1.0,5.0,8.0,11.0,3.0,3.0,1.0,2.0,15.0,4.0,2.0,1.0,6.0,37.0,5.0,33.0,2.0,12.0,20.0,4.0,3.0,13.0,5.0,1.0,17.0,1.0,2.0,10.0,4.0,20.0,2.0,3.0,1.0,1.0,1.0,2.0,3.0,1.0,3.0,9.0,1.0,38.0,1.0,6.0,1.0,5.0,2.0,4.0,7.0,1.0,2.0,8.0,2.0,4.0,1.0,1.0,1.0,1.0,2.0,1.0,1.0,1.0,2.0,3.0,7.0,1.0,2.0,1.0,22.0,3.0,19.0,1.0,11.0,5.0,4.0,7.0,14.0,4.0,8.0,2.0,4.0,9.0,9.0,2.0,17.0,2.0,1.0,28.0,5.0,28.0,2.0,1.0,4.0,1.0,13.0,1.0,2.0,16.0,1.0,1.0,2.0,4.0,5.0,2.0,8.0,1.0,1.0,7.0,2.0,2.0,1.0,2.0,5.0,1.0,5.0,1.0,2.0,42.0,6.0,3.0,2.0,3.0,1.0,3.0,1.0,2.0,1.0,2.0,2.0,1.0,26.0,30.0,3.0,2.0,1.0,5.0,1.0,2.0,3.0,8.0,3.0,2.0,2.0,25.0,8.0,5.0,22.0,1.0,1.0,18.0,17.0,6.0,1.0,14.0,6.0,1.0,17.0,3.0,2.0,7.0,8.0,26.0,2.0,13.0,17.0,1.0,3.0,2.0,1.0,1.0,10.0,1.0,1.0,1.0,1.0,1.0,1.0,1.0,2.0,1.0,1.0,1.0,1.0,1.0,2.0,4.0,1.0,1.0,2.0,1.0,1.0,2.0,4.0,9.0,5.0,130.0,29.0,229.0,2.0,16.0,2.0,5.0,54.0,84.0,4.0,11.0,4.0,19.0,106.0,51.0,1.0,19.0,17.0,15.0,176.0,211.0,154.0,9.0,1.0,20.0,75.0,25.0,11.0,113.0,23.0,2.0,10.0,24.0,22.0,66.0,1.0,3.0,38.0,38.0,20.0,1.0,4.0,8.0,3.0,1.0,5.0,4.0,4.0,7.0,3.0,59.0,2.0,4.0,4.0,6.0,10.0,1.0,1.0,50.0,14.0,3.0,17.0,8.0,17.0,4.0,4.0,11.0,87.0,1.0,8.0,4.0,7.0,6.0,1.0,8.0,3.0,2.0,1.0,1.0,8.0,13.0,2.0,2.0,1.0,14.0,5.0,9.0,3.0,2.0,1.0,8.0,6.0,1.0,1.0,1.0,1.0,1.0,1.0,1.0,6.0,2.0,1.0,2.0,36.0,2.0,1.0,1.0,9.0,2.0,3.0,2.0,3.0,1.0,2.0,1.0,2.0,17.0,16.0,7.0,2.0,1.0,1.0,2.0,5.0,1.0,4.0,1.0,10.0,35.0,2.0,2.0,17.0,2.0,1.0,31.0,13.0,14.0,3.0,4.0,4.0,14.0,3.0,1.0,15.0,3.0,2.0,2.0,4.0,4.0,8.0,17.0,1.0,2.0,7.0,8.0,1.0,3.0,2.0,2.0,2.0,4.0,1.0,2.0,2.0,20.0,2.0,5.0,3.0,3.0,1.0,6.0,1.0,1.0,4.0,6.0,1.0,6.0,8.0,16.0,1.0,2.0,1.0,5.0,2.0,1.0,1.0,1.0,18.0,2.0,2.0,5.0,4.0,1.0,23.0,15.0,3.0,4.0,2.0,3.0,1.0,27.0,2.0,7.0,30.0,4.0,1.0,1.0,4.0,3.0,2.0,1.0,2.0,17.0,1.0,3.0,2.0,1.0,3.0,1.0,1.0,1.0,2.0,1.0,1.0,4.0,2.0,10.0,2.0,2.0,10.0,2.0,13.0,1.0,1.0,1.0,1.0,40.0,1.0,18.0,1.0,5.0,1.0,1.0,22.0,21.0,6.0,8.0,2.0,3.0,21.0,12.0,6.0,3.0,4.0,1.0,17.0,29.0,10.0,4.0,16.0,6.0,6.0,14.0,1.0,1.0,11.0,3.0,4.0,10.0,4.0,1.0,20.0,6.0,4.0,3.0,,1.0,1.0,3.0,1.0,3.0,1.0,1.0,1.0,1.0,1.0,11.0,2.0,2.0,5.0,4.0,2.0,1.0,4.0,2.0,16.0,2.0,144.0,16.0,267.0,2.0,1.0,1.0,1.0,10.0,6.0,3.0,12.0,4.0,2.0,57.0,6.0,2.0,16.0,2.0,4.0,100.0,28.0,8.0,1.0,2.0,18.0,2.0,46.0,18.0,4.0,32.0,9.0,1.0,2.0,5.0,20.0,17.0,47.0,1.0,3.0,9.0,29.0,17.0,1.0,3.0,6.0,2.0,1.0,1.0,1.0,1.0,2.0,3.0,24.0,4.0,1.0,2.0,5.0,6.0,6.0,3.0,29.0,1.0,9.0,1.0,1.0,2.0,2.0,2.0,6.0,3.0,10.0,1.0,52.0,6.0,69.0,17.0,87.0,4.0,2.0,2.0,14.0,5.0,9.0,4.0,4.0,6.0,81.0,18.0,32.0,9.0,7.0,1.0,89.0,25.0,38.0,7.0,15.0,15.0,4.0,10.0,46.0,13.0,4.0,8.0,4.0,4.0,8.0,4.0,13.0,7.0,15.0,1.0,2.0,1.0,3.0,3.0,3.0,13.0,1.0,9.0,1.0,5.0,5.0,4.0,9.0,2.0,3.0,8.0,4.0,3.0,2.0,31.0,3.0,19.0,4.0,29.0,,8.0,2.0,1.0,5.0,7.0,1.0,1.0,4.0,3.0,15.0,11.0,2.0,5.0,3.0,1.0,17.0,4.0,4.0,3.0,,1.0,1.0,7.0,3.0,7.0,4.0,4.0,,,5.0,9.0,13.0,2.0,,1.0,6.0,1.0,,,1.0,,,,4.0,,2.0,,3.0,,,,,6.0,,,7.0,,4.0,2.0,3.0,,2.0,3.0,4.0,2.0,1.0,3.0,2.0,1.0,5.0,1.0,2.0,1.0,3.0,12.0,3.0,2.0,1.0,1.0,1.0,4.0,2.0,1.0,1.0,1.0,3.0,1.0,2.0,1.0,4.0,1.0,4.0,1.0,1.0,1.0,16.0,1.0,1.0,2.0,3.0,1.0,1.0,1.0,2.0,2.0,2.0,1.0,2.0,1.0,4.0,3.0,2.0,2.0,2.0,1.0,2.0,6.0,2.0,2.0,6.0,1.0,2.0
24,2021-08-01,4486.0,66.66666666666667,420.33333333333337,1133.0,710.0,2.5,246.0,897.0,331.0,739.0,2269.0,1638.0,550.0,110.0,8.0,95.0,46.0,77.0,147.33333333333331,7.0,96.0,25.0,54.0,205.0,209.0,59.0,18.0,16.0,21.0,13.0,11.0,90.0,3.0,33.0,3.0,21.0,67.0,20.0,12.0,50.0,2.0,27.0,20.0,9.0,245.0,7.0,23.0,28.0,21.0,156.0,18.0,7.0,18.0,1.0,56.0,71.0,26.0,174.0,7.0,10.0,17.0,28.0,63.0,36.0,9.0,35.0,8.0,35.0,21.0,1.0,116.0,10.0,21.0,3.0,11.0,18.0,30.0,18.0,18.0,1.0,3.0,11.0,11.0,25.0,2.0,6.0,1.0,6.0,11.0,35.0,3.0,753.0,7.0,35.0,21.0,31.0,204.0,27.0,54.0,19.0,56.0,74.0,69.0,19.0,18.0,3.0,4.0,25.0,4.0,45.0,4.0,5.0,4.0,24.0,13.0,39.0,4.0,1.0,22.0,43.0,22.0,18.0,91.0,4.0,18.0,3.0,22.0,58.0,45.0,14.0,18.0,1.0,20.0,14.0,3.0,61.0,3.0,3.0,3.0,16.0,16.0,41.0,4.0,35.0,2.0,4.0,1.0,1.0,9.0,4.0,2.0,1.0,3.0,3.0,3.0,1.0,576.0,127.0,710.0,7.0,60.0,7.0,20.0,125.0,29.0,24.0,24.0,6.0,60.0,420.0,133.0,16.0,32.0,43.0,3.0,1504.0,354.0,89.0,26.0,2.0,63.0,3.0,385.0,18.0,33.0,316.0,1.0,2.0,5.0,63.0,83.0,75.0,320.0,10.0,4.0,76.0,233.0,68.0,2.0,8.0,19.0,15.0,1.0,9.0,23.0,4.0,9.0,4.0,158.0,3.0,2.0,7.0,18.0,87.0,1.0,3.0,162.0,5.0,38.0,34.0,51.0,2.0,22.0,47.0,12.0,6.0,26.0,28.0,15.0,31.0,2.0,3.0,36.0,3.0,2.0,10.0,2.0,5.0,11.0,5.0,3.0,1.0,1.0,1.0,2.0,3.0,5.0,5.0,4.0,1.0,10.0,4.0,1.0,3.0,2.0,6.0,6.0,2.0,7.0,8.0,3.0,1.0,8.0,3.0,1.0,4.0,4.0,1.0,2.0,2.0,13.0,9.0,2.0,4.0,2.0,2.0,2.0,1.0,2.0,4.0,43.0,21.0,14.0,13.0,1.0,5.0,8.0,11.0,3.0,3.0,1.0,2.0,15.0,4.0,2.0,1.0,6.0,37.0,5.0,33.0,2.0,12.0,20.0,4.0,3.0,13.0,5.0,1.0,17.0,1.0,2.0,10.0,4.0,20.0,2.0,3.0,1.0,1.0,1.0,2.0,3.0,1.0,3.0,9.0,1.0,38.0,1.0,6.0,1.0,5.0,2.0,4.0,7.0,1.0,2.0,8.0,2.0,4.0,1.0,1.0,1.0,1.0,2.0,1.0,1.0,1.0,2.0,3.0,7.0,1.0,2.0,1.0,22.0,3.0,19.0,1.0,11.0,5.0,4.0,7.0,14.0,4.0,8.0,2.0,4.0,9.0,9.0,2.0,17.0,2.0,1.0,28.0,5.0,28.0,2.0,1.0,4.0,1.0,13.0,1.0,2.0,16.0,1.0,1.0,2.0,4.0,5.0,2.0,8.0,1.0,1.0,7.0,2.0,2.0,1.0,2.0,5.0,1.0,5.0,1.0,2.0,42.0,6.0,3.0,2.0,3.0,1.0,3.0,1.0,2.0,1.0,2.0,2.0,1.0,26.0,30.0,3.0,2.0,1.0,5.0,1.0,2.0,3.0,8.0,3.0,2.0,2.0,25.0,8.0,5.0,22.0,1.0,1.0,18.0,17.0,6.0,1.0,14.0,6.0,1.0,17.0,3.0,2.0,7.0,8.0,26.0,2.0,13.0,17.0,1.0,3.0,2.0,1.0,1.0,10.0,1.0,1.0,1.0,1.0,1.0,1.0,1.0,2.0,1.0,1.0,1.0,1.0,1.0,2.0,4.0,1.0,1.0,2.0,1.0,1.0,2.0,4.0,9.0,5.0,130.0,29.0,229.0,2.0,16.0,2.0,5.0,54.0,84.0,4.0,11.0,4.0,19.0,106.0,51.0,1.0,19.0,17.0,15.0,176.0,211.0,154.0,9.0,1.0,20.0,75.0,25.0,11.0,113.0,23.0,2.0,10.0,24.0,22.0,66.0,1.0,3.0,38.0,38.0,20.0,1.0,4.0,8.0,3.0,1.0,5.0,4.0,4.0,7.0,3.0,59.0,2.0,4.0,4.0,6.0,10.0,1.0,1.0,50.0,14.0,3.0,17.0,8.0,17.0,4.0,4.0,11.0,87.0,1.0,8.0,4.0,7.0,6.0,1.0,8.0,3.0,2.0,1.0,1.0,8.0,13.0,2.0,2.0,1.0,14.0,5.0,9.0,3.0,2.0,1.0,8.0,6.0,1.0,1.0,1.0,1.0,1.0,1.0,1.0,6.0,2.0,1.0,2.0,36.0,2.0,1.0,1.0,9.0,2.0,3.0,2.0,3.0,1.0,2.0,1.0,2.0,17.0,16.0,7.0,2.0,1.0,1.0,2.0,5.0,1.0,4.0,1.0,10.0,35.0,2.0,2.0,17.0,2.0,1.0,31.0,13.0,14.0,3.0,4.0,4.0,14.0,3.0,1.0,15.0,3.0,2.0,2.0,4.0,4.0,8.0,17.0,1.0,2.0,7.0,8.0,1.0,3.0,2.0,2.0,2.0,4.0,1.0,2.0,2.0,20.0,2.0,5.0,3.0,3.0,1.0,6.0,1.0,1.0,4.0,6.0,1.0,6.0,8.0,16.0,1.0,2.0,1.0,5.0,2.0,1.0,1.0,1.0,18.0,2.0,2.0,5.0,4.0,1.0,23.0,15.0,3.0,4.0,2.0,3.0,1.0,27.0,2.0,7.0,30.0,4.0,1.0,1.0,4.0,3.0,2.0,1.0,2.0,17.0,1.0,3.0,2.0,1.0,3.0,1.0,1.0,1.0,2.0,1.0,1.0,4.0,2.0,10.0,2.0,2.0,10.0,2.0,13.0,1.0,1.0,1.0,1.0,40.0,1.0,18.0,1.0,5.0,1.0,1.0,22.0,21.0,6.0,8.0,2.0,3.0,21.0,12.0,6.0,3.0,4.0,1.0,17.0,29.0,10.0,4.0,16.0,6.0,6.0,14.0,1.0,1.0,11.0,3.0,4.0,10.0,4.0,1.0,20.0,6.0,4.0,3.0,,1.0,1.0,3.0,1.0,3.0,1.0,1.0,1.0,1.0,1.0,11.0,2.0,2.0,5.0,4.0,2.0,1.0,4.0,2.0,16.0,2.0,144.0,16.0,267.0,2.0,1.0,1.0,1.0,10.0,6.0,3.0,12.0,4.0,2.0,57.0,6.0,2.0,16.0,2.0,4.0,100.0,28.0,8.0,1.0,2.0,18.0,2.0,46.0,18.0,4.0,32.0,9.0,1.0,2.0,5.0,20.0,17.0,47.0,1.0,3.0,9.0,29.0,17.0,1.0,3.0,6.0,2.0,1.0,1.0,1.0,1.0,2.0,3.0,24.0,4.0,1.0,2.0,5.0,6.0,6.0,3.0,29.0,1.0,9.0,1.0,1.0,2.0,2.0,2.0,6.0,3.0,10.0,1.0,52.0,6.0,69.0,17.0,87.0,4.0,2.0,2.0,14.0,5.0,9.0,4.0,4.0,6.0,81.0,18.0,32.0,9.0,7.0,1.0,89.0,25.0,38.0,7.0,15.0,15.0,4.0,10.0,46.0,13.0,4.0,8.0,4.0,4.0,8.0,4.0,13.0,7.0,15.0,1.0,2.0,1.0,3.0,3.0,3.0,13.0,1.0,9.0,1.0,5.0,5.0,4.0,9.0,2.0,3.0,8.0,4.0,3.0,2.0,31.0,3.0,19.0,4.0,29.0,,8.0,2.0,1.0,5.0,7.0,1.0,1.0,4.0,3.0,15.0,11.0,2.0,5.0,3.0,1.0,17.0,4.0,4.0,3.0,,1.0,1.0,7.0,3.0,7.0,4.0,4.0,,,5.0,9.0,13.0,2.0,,1.0,6.0,1.0,,,1.0,,,,4.0,,2.0,,3.0,,,,,6.0,,,7.0,,4.0,2.0,3.0,,2.0,3.0,4.0,2.0,1.0,3.0,2.0,1.0,5.0,1.0,2.0,1.0,3.0,12.0,3.0,2.0,1.0,1.0,1.0,4.0,2.0,1.0,1.0,1.0,3.0,1.0,2.0,1.0,4.0,1.0,4.0,1.0,1.0,1.0,16.0,1.0,1.0,2.0,3.0,1.0,1.0,1.0,2.0,2.0,2.0,1.0,2.0,1.0,4.0,3.0,2.0,2.0,2.0,1.0,2.0,6.0,2.0,2.0,6.0,1.0,2.0
25,2021-09-01,5937.0,5.0,32.0,1133.0,710.0,1.0,246.0,897.0,331.0,739.0,2269.0,1638.0,550.0,25.0,8.0,95.0,46.0,77.0,1.0,7.0,96.0,25.0,54.0,205.0,209.0,59.0,52.0,16.0,21.0,13.0,11.0,90.0,3.0,33.0,3.0,21.0,67.0,20.0,12.0,93.0,2.0,27.0,20.0,9.0,245.0,7.0,23.0,28.0,21.0,156.0,18.0,7.0,3.0,1.0,56.0,71.0,26.0,174.0,7.0,10.0,17.0,28.0,63.0,36.0,9.0,14.0,8.0,35.0,21.0,1.0,116.0,10.0,21.0,3.0,11.0,18.0,30.0,18.0,52.0,1.0,3.0,11.0,11.0,25.0,2.0,6.0,1.0,6.0,11.0,35.0,3.0,753.0,7.0,35.0,21.0,31.0,204.0,27.0,54.0,19.0,56.0,74.0,69.0,19.0,3.0,3.0,4.0,25.0,4.0,45.0,4.0,5.0,4.0,24.0,13.0,39.0,4.0,27.0,22.0,43.0,22.0,18.0,91.0,4.0,18.0,3.0,22.0,58.0,45.0,14.0,3.0,1.0,20.0,14.0,3.0,61.0,3.0,3.0,3.0,16.0,16.0,41.0,4.0,14.0,2.0,4.0,1.0,1.0,9.0,4.0,2.0,1.0,3.0,3.0,3.0,1.0,576.0,127.0,710.0,7.0,60.0,7.0,20.0,125.0,32.0,24.0,24.0,6.0,60.0,420.0,133.0,16.0,41.0,43.0,3.0,1952.0,354.0,71.0,26.0,2.0,63.0,3.0,385.0,3.0,4.0,316.0,27.0,2.0,5.0,63.0,83.0,75.0,320.0,10.0,4.0,39.0,233.0,68.0,2.0,14.0,19.0,15.0,1.0,9.0,23.0,4.0,9.0,4.0,158.0,3.0,2.0,7.0,18.0,87.0,1.0,3.0,162.0,5.0,38.0,34.0,51.0,2.0,22.0,29.0,12.0,6.0,26.0,28.0,66.0,31.0,2.0,3.0,36.0,3.0,2.0,10.0,2.0,5.0,11.0,5.0,3.0,1.0,1.0,1.0,2.0,3.0,5.0,5.0,4.0,1.0,10.0,4.0,1.0,3.0,2.0,6.0,6.0,2.0,7.0,8.0,3.0,1.0,8.0,3.0,1.0,4.0,4.0,1.0,2.0,2.0,13.0,9.0,2.0,4.0,2.0,2.0,2.0,1.0,2.0,4.0,43.0,21.0,14.0,13.0,1.0,5.0,8.0,11.0,3.0,3.0,1.0,2.0,15.0,4.0,2.0,1.0,6.0,37.0,5.0,33.0,2.0,12.0,20.0,4.0,3.0,13.0,5.0,1.0,17.0,1.0,2.0,10.0,4.0,20.0,2.0,3.0,1.0,1.0,1.0,2.0,3.0,1.0,3.0,9.0,1.0,38.0,1.0,6.0,1.0,5.0,2.0,4.0,7.0,1.0,2.0,8.0,2.0,4.0,1.0,1.0,1.0,1.0,2.0,1.0,1.0,1.0,2.0,3.0,7.0,1.0,2.0,1.0,22.0,3.0,19.0,1.0,11.0,5.0,4.0,7.0,14.0,4.0,8.0,2.0,4.0,9.0,9.0,2.0,17.0,2.0,1.0,28.0,5.0,28.0,2.0,1.0,4.0,1.0,13.0,1.0,2.0,16.0,1.0,1.0,2.0,4.0,5.0,2.0,8.0,1.0,1.0,7.0,2.0,2.0,1.0,2.0,5.0,1.0,5.0,1.0,2.0,42.0,6.0,3.0,2.0,3.0,1.0,3.0,1.0,2.0,1.0,2.0,2.0,1.0,26.0,30.0,3.0,2.0,1.0,5.0,1.0,2.0,3.0,8.0,3.0,2.0,2.0,25.0,8.0,5.0,22.0,1.0,1.0,18.0,17.0,6.0,1.0,14.0,6.0,1.0,17.0,3.0,2.0,7.0,8.0,26.0,2.0,13.0,17.0,1.0,3.0,2.0,1.0,1.0,10.0,1.0,1.0,1.0,1.0,1.0,1.0,1.0,2.0,1.0,1.0,1.0,1.0,1.0,2.0,4.0,1.0,1.0,2.0,1.0,1.0,2.0,4.0,9.0,5.0,130.0,29.0,229.0,2.0,16.0,2.0,5.0,54.0,84.0,4.0,11.0,4.0,19.0,106.0,51.0,1.0,19.0,17.0,15.0,176.0,211.0,154.0,9.0,1.0,20.0,75.0,25.0,11.0,113.0,23.0,2.0,10.0,24.0,22.0,66.0,1.0,3.0,38.0,38.0,20.0,1.0,4.0,8.0,3.0,1.0,5.0,4.0,4.0,7.0,3.0,59.0,2.0,4.0,4.0,6.0,10.0,1.0,1.0,50.0,14.0,3.0,17.0,8.0,17.0,4.0,4.0,11.0,87.0,1.0,8.0,4.0,7.0,6.0,1.0,8.0,3.0,2.0,1.0,1.0,8.0,13.0,2.0,2.0,1.0,14.0,5.0,9.0,3.0,2.0,1.0,8.0,6.0,1.0,1.0,1.0,1.0,1.0,1.0,1.0,6.0,2.0,1.0,2.0,36.0,2.0,1.0,1.0,9.0,2.0,3.0,2.0,3.0,1.0,2.0,1.0,2.0,17.0,16.0,7.0,2.0,1.0,1.0,2.0,5.0,1.0,4.0,1.0,10.0,35.0,2.0,2.0,17.0,2.0,1.0,31.0,13.0,14.0,3.0,4.0,4.0,14.0,3.0,1.0,15.0,3.0,2.0,2.0,4.0,4.0,8.0,17.0,1.0,2.0,7.0,8.0,1.0,3.0,2.0,2.0,2.0,4.0,1.0,2.0,2.0,20.0,2.0,5.0,3.0,3.0,1.0,6.0,1.0,1.0,4.0,6.0,1.0,6.0,8.0,16.0,1.0,2.0,1.0,5.0,2.0,1.0,1.0,1.0,18.0,2.0,2.0,5.0,4.0,1.0,23.0,15.0,3.0,4.0,2.0,3.0,1.0,27.0,2.0,7.0,30.0,4.0,1.0,1.0,4.0,3.0,2.0,1.0,2.0,17.0,1.0,3.0,2.0,1.0,3.0,1.0,1.0,1.0,2.0,1.0,1.0,4.0,2.0,10.0,2.0,2.0,10.0,2.0,13.0,1.0,1.0,1.0,1.0,40.0,1.0,18.0,1.0,5.0,1.0,1.0,22.0,21.0,6.0,8.0,2.0,3.0,21.0,12.0,6.0,3.0,4.0,1.0,17.0,29.0,10.0,4.0,16.0,6.0,6.0,14.0,1.0,1.0,11.0,3.0,4.0,10.0,4.0,1.0,20.0,6.0,4.0,3.0,,1.0,1.0,3.0,1.0,3.0,1.0,1.0,1.0,1.0,1.0,11.0,2.0,2.0,5.0,4.0,2.0,1.0,4.0,2.0,16.0,2.0,144.0,16.0,267.0,2.0,1.0,1.0,1.0,10.0,6.0,3.0,12.0,4.0,2.0,57.0,6.0,2.0,16.0,2.0,4.0,100.0,28.0,8.0,1.0,2.0,18.0,2.0,46.0,18.0,4.0,32.0,9.0,1.0,2.0,5.0,20.0,17.0,47.0,1.0,3.0,9.0,29.0,17.0,1.0,3.0,6.0,2.0,1.0,1.0,1.0,1.0,2.0,3.0,24.0,4.0,1.0,2.0,5.0,6.0,6.0,3.0,29.0,1.0,9.0,1.0,1.0,2.0,2.0,2.0,6.0,3.0,10.0,1.0,52.0,6.0,69.0,17.0,87.0,4.0,2.0,2.0,14.0,5.0,9.0,4.0,4.0,6.0,81.0,18.0,32.0,9.0,7.0,1.0,89.0,25.0,38.0,7.0,15.0,15.0,4.0,10.0,46.0,13.0,4.0,8.0,4.0,4.0,8.0,4.0,13.0,7.0,15.0,1.0,2.0,1.0,3.0,3.0,3.0,13.0,1.0,9.0,1.0,5.0,5.0,4.0,9.0,2.0,3.0,8.0,4.0,3.0,2.0,31.0,3.0,19.0,4.0,29.0,,8.0,2.0,1.0,5.0,7.0,1.0,1.0,4.0,3.0,15.0,11.0,2.0,5.0,3.0,1.0,17.0,4.0,4.0,3.0,,1.0,1.0,7.0,3.0,7.0,4.0,4.0,,,5.0,9.0,13.0,2.0,,1.0,6.0,1.0,,,1.0,,,,4.0,,2.0,,3.0,,,,,6.0,,,7.0,,4.0,2.0,3.0,,2.0,3.0,4.0,2.0,1.0,3.0,2.0,1.0,5.0,1.0,2.0,1.0,3.0,12.0,3.0,2.0,1.0,1.0,1.0,4.0,2.0,1.0,1.0,1.0,3.0,1.0,2.0,1.0,4.0,1.0,4.0,1.0,1.0,1.0,16.0,1.0,1.0,2.0,3.0,1.0,1.0,1.0,2.0,2.0,2.0,1.0,2.0,1.0,4.0,3.0,2.0,2.0,2.0,1.0,2.0,6.0,2.0,2.0,6.0,1.0,2.0
